Workbook
Name FORMGOOGLE: Lembar8!$D$1:$M$805

Sheet Lembar1
A1: DAFTAR PESERTA EBTAQ KORCAB DEMAK, PERIODE ROJAB 1447 H
A3: NO | B3: Nama | C3: JK | D3: Tempat Lahir | E3: Tanggal Lahir | F3: AYAH | G3: IBU | I3: Lembaga
A4: EBTAQ25-03.009 | B4: ALFIAH JULIANTI | C4: Perempuan | D4: DEMAK | E4: 41826 | F4: ACHSANU ROHIM | G4: DEWI KHUSAEMAH | H4: BIO_Images/EBTAQ25-03.009.jpg | I4: BMW - Al Khoiriyah
A5: EBTAQ25-03.010 | B5: NUFIKHO SOFARA KHOIRIYAH | C5: Perempuan | D5: DEMAK | E5: 41995 | F5: ACHMAD SIFULFAZI | G5: LAIKHATUN | H5: BIO_Images/EBTAQ25-03.010.jpg | I5: BMW - Al Khoiriyah
A6: EBTAQ25-03.043 | B6: AZRIL RASYA ABQORY | C6: Laki-laki | D6: DEMAK | E6: 42478 | F6: AHMAD SUPRAPTO | G6: DURROTUN NI'MAH | H6: BIO_Images/EBTAQ25-03.043.jpg | I6: BMW - As-Sa'idiyyah
A7: EBTAQ25-06.008 | B7: IBNU ASSYFA' | C7: Laki-laki | D7: Grobogan | E7: 40488 | F7: EDY SUSANTO | G7: NUR CHAMIDAH | H7: BIO_Images/EBTAQ25-06.008.jpg | I7: BMW - Hidayatul Mubtadiin
A8: EBTAQ25-03.017 | B8: ADILA NISA ARDHANI | C8: Perempuan | D8: Demak | E8: 42646 | F8: KUSMIYANTO | G8: NUR AFIFAH | H8: BIO_Images/EBTAQ25-03.017.jpeg | I8: BMW - Matholiul Falah
A9: EBTAQ25-03.015 | B9: afifa fitiya | C9: Perempuan | D9: demak | E9: 41460 | F9: Arif Wibowo | G9: siti zulaekhah | H9: BIO_Images/EBTAQ25-03.015.jpg | I9: BMW - Matholiul Falah
A10: EBTAQ25-03.007 | B10: Asaa Najma Azzahra | C10: Perempuan | D10: Demak | E10: 42312 | F10: Ahmad Muhajir | G10: Musokhikah | H10: BIO_Images/EBTAQ25-03.007.jpg | I10: BMW - Matholiul Falah
A11: EBTAQ25-03.011 | B11: Indah fadhilah | C11: Perempuan | D11: Demak | E11: 42542 | F11: Nur Rohman | G11: Nazidatul ula | H11: BIO_Images/EBTAQ25-03.011.jpg | I11: BMW - Matholiul Falah
A12: EBTAQ25-03.012 | B12: Indah fadhilah | C12: Perempuan | D12: Demak | E12: 42542 | F12: Nur rohman | G12: Nazidatul ula | H12: BIO_Images/EBTAQ25-03.012.jpg | I12: BMW - Matholiul Falah
A13: EBTAQ25-03.006 | B13: Nur Alifah | C13: Perempuan | D13: Demak | E13: 42318 | F13: Abu rozin | G13: Nur hidayah | H13: BIO_Images/EBTAQ25-03.006.jpg | I13: BMW - Matholiul Falah
A14: EBTAQ25-03.008 | B14: Reva Dwi Rahmadhani | C14: Perempuan | D14: Kudus | E14: 42191 | F14: Nur cipto | G14: Nur ismah | H14: BIO_Images/EBTAQ25-03.008.jpg | I14: BMW - Matholiul Falah
A15: EBTAQ25-03.014 | B15: SANIA INDANA ZULFA | C15: Perempuan | D15: DEMAK | E15: 41600 | F15: MUHSON | G15: ISTIKOMAH | H15: BIO_Images/EBTAQ25-03.014.jpg | I15: BMW - Matholiul Falah
... A176: EBTAQ25-01.148 | B176: MASAYU REGINA RAHMAH | C176: Perempuan | D176: Demak | E176: 41951 | F176: Achmat Munif | G176: Istiqomah | H176: BIO_Images/EBTAQ25-01.148.jpg | I176: SDS IT AZZAHRA DEMAK
A177: EBTAQ25-01.149 | B177: Fadhil Yaqdan Nasrullah | C177: Laki-laki | D177: Demak | E177: 41756 | F177: Faizal Riza | G177: Nur Hasanah | H177: BIO_Images/EBTAQ25-01.149.jpg | I177: Demak - TPQ KH ALJAZERI | K177: Diupdate pada Rabu, 10 Desember 2025 - 07.30 WIB
A178: EBTAQ25-01.150 | B178: ALESYA FATIM GHINARA | C178: Perempuan | D178: DEMAK | E178: 42489 | F178: SURYO HADI WIBOWO | G178: DHUROHMAH | H178: BIO_Images/EBTAQ25-01.150.jpg | I178: SDS IT AZZAHRA DEMAK | K178: Perbaikan atau ralat bisa lapor / konfirmasi ke WA 0896-0898-6635
A179: EBTAQ25-01.151 | B179: ELVIRA ZAHWA ALESHA | C179: Perempuan | D179: KUDUS | E179: 42382 | F179: ROIS ALI SYAHBANA | G179: LILIK MUSTAKFIROH | H179: BIO_Images/EBTAQ25-01.151.jpg | I179: SDS IT AZZAHRA DEMAK
A180: EBTAQ25-01.152 | B180: ALYA APRIANA | C180: Perempuan | D180: DEMAK | E180: 41019 | F180: DIDIK HARYANTO | G180: HARDbANTI SETIYO UTAMI | H180: BIO_Images/EBTAQ25-01.152.jpg | I180: SDS IT AZZAHRA DEMAK
A181: EBTAQ25-01.153 | B181: DANESH RAFASYA | C181: Perempuan | D181: DEMAK | E181: 42161 | F181: CIPTO LEGOWO | G181: ERNA TRI PUJIASTUTI | H181: BIO_Images/EBTAQ25-01.153.jpg | I181: SDS IT AZZAHRA DEMAK
A182: EBTAQ25-01.154 | B182: NABILA INDAH PERMATA | C182: Perempuan | D182: DEMAK | E182: 41601 | F182: SUBARI | G182: NUR KHASANAH | H182: BIO_Images/EBTAQ25-01.154.jpg | I182: SDS IT AZZAHRA DEMAK
A183: EBTAQ25-01.155 | B183: HAMDA SAKHIA ABDILLAH | C183: Perempuan | D183: DEMAK | E183: 41616 | F183: RIF'AAN ABDILLAH | G183: NUR HASANAH | H183: BIO_Images/EBTAQ25-01.155.jpg | I183: SDS IT AZZAHRA DEMAK
A184: EBTAQ25-01.156 | B184: ARDILA SEPTIANI | C184: Perempuan | D184: Demak | E184: 41889 | F184: Drajad sigit marsinggih | G184: Nur faida | H184: BIO_Images/EBTAQ25-01.156.jpg | I184: Demak - TPQ KH ALJAZERI
A185: EBTAQ25-01.157 | B185: Shofia naila saadah | C185: Perempuan | D185: Demak | E185: 42591 | F185: Chairul Anam | G185: Khoirotun Nisa | H185: BIO_Images/EBTAQ25-01.157.jpg | I185: Demak - TPQ KH ALJAZERI
A186: EBTAQ25-01.158 | B186: Atika Zahra Latifa | C186: Perempuan | D186: demak | E186: 41776 | F186: ABDUL HADI | G186: TIKA IKHWAL MARYANA | H186: BIO_Images/EBTAQ25-01.158.jpg | I186: Demak - TPQ KH ALJAZERI
A187: EBTAQ25-01.159 | B187: Atika zahra latifa | C187: Perempuan | D187: Demak | E187: 41776 | F187: Abdul hadi | G187: Tika ikhwal maryana | H187: BIO_Images/EBTAQ25-01.159.jpg | I187: Demak - TPQ KH ALJAZERI
A188: EBTAQ25-01.160 | B188: Naella Putri Olivia | C188: Perempuan | D188: Semarang | E188: 41903 | F188: Muhammad muntoha | G188: Upik Nilawati | H188: BIO_Images/EBTAQ25-01.160.jpg | I188: Demak - TPQ KH ALJAZERI
A189: EBTAQ25-01.161 | B189: JIHAN AZZAHRA | C189: Perempuan | D189: DEMAK | E189: 41702 | F189: IPUNG TRI YUWANTORO | G189: RAMAYANTI | H189: BIO_Images/EBTAQ25-01.161.jpg | I189: Demak - TPQ KH ALJAZERI
A190: EBTAQ25-01.162 | B190: Murni Asih Ardianti | C190: Perempuan | D190: Demak, Jawa tengah | E190: 41644 | F190: Zaenal Sodikin | G190: Dewi Ratnawati | H190: BIO_Images/EBTAQ25-01.162.jpg | I190: Demak - TPQ KH ALJAZERI
... A411: EBTAQ25-03.077 | B411: FIA LARASATI | C411: Perempuan | D411: Demak | E411: 41814 | F411: MIFTA KHARIS | G411: SHOFIYATI | H411: BIO_Images/EBTAQ25-03.077.jpg | I411: BMW - Yanbu'ul Qur'an
A412: EBTAQ25-01.310 | B412: ADRIAN PRADIPTA WIJAYA | C412: Laki-laki | D412: 42287 | E412: 42287 | F412: DANANG HARYANTO | G412: NIKMATUL INAYAH | H412: BIO_Images/EBTAQ25-01.310.jpg | I412: Demak - TPQ ROUDHOTUL JANNAH
A413: EBTAQ25-03.078 | B413: KIRANA 'AROFATUSYALISAH | C413: Perempuan | D413: DEMAK | E413: 41909 | F413: MUAYADI | G413: MUDAYANAH | H413: BIO_Images/EBTAQ25-03.078.jpg | I413: BMW - As-Sa'idiyyah
A414: EBTAQ25-03.079 | B414: SAFEEA DAMAYANTI | C414: Perempuan | D414: DEMAK | E414: 42487 | F414: IMAM SAFI'I | G414: NIKMATUL IFAH | H414: BIO_Images/EBTAQ25-03.079.jpg | I414: BMW - As-Sa'idiyyah
A415: EBTAQ25-03.080 | B415: TIKTA ZULIYANTI AYUNINGTYAS | C415: Perempuan | D415: DEMAK | E415: 41839 | F415: MUHSININ | G415: NANIK AINISAH | H415: BIO_Images/EBTAQ25-03.080.jpg | I415: BMW - As-Sa'idiyyah
A416: EBTAQ25-03.081 | B416: AZKIA NAJIHA KIRANA | C416: Perempuan | D416: DEMAK | E416: 42173 | F416: HARYANTO | G416: MUSLIKHATUL HIDAYAH | H416: BIO_Images/EBTAQ25-03.081.jpg | I416: BMW - As-Sa'idiyyah
A417: EBTAQ25-03.082 | B417: Rahma Ardi Ramadhani | C417: Perempuan | D417: Demak | E417: 41824 | F417: Suhardi | G417: Rofiah | H417: BIO_Images/EBTAQ25-03.082.jpg | I417: BMW - Yanbu'ul Qur'an
A418: EBTAQ25-03.083 | B418: FIA LARASSATI | C418: Perempuan | D418: Demak | E418: 41814 | F418: MIFTA KHARIS | G418: SHOFIYATI | H418: BIO_Images/EBTAQ25-03.083.jpg | I418: BMW - Yanbu'ul Qur'an
A419: EBTAQ25-03.083 | B419: Rahma Ardi Ramadhani | C419: Perempuan | D419: Demak | E419: 41824 | F419: Suhardi | G419: Rofiah | H419: BIO_Images/EBTAQ25-03.083.jpg | I419: BMW - Yanbu'ul Qur'an
A420: EBTAQ25-03.083 | B420: Rahma Ardi Ramadhani | C420: Perempuan | D420: Demak | E420: 41824 | F420: Suhardi | G420: Rofiah | H420: BIO_Images/EBTAQ25-03.083.jpg | I420: BMW - Yanbu'ul Qur'an
A421: EBTAQ25-03.084 | B421: RAHMA ARDI RAMADHANI | C421: Perempuan | D421: Demak | E421: 41824 | F421: Suhardi | G421: Rofiah | H421: BIO_Images/EBTAQ25-03.084.jpg | I421: BMW - Yanbu'ul Qur'an
A422: EBTAQ25-03.084 | B422: FIA LARASSATI | C422: Perempuan | D422: Demak | E422: 41814 | F422: MIFTA KHARIS | G422: SHOFIYATI | H422: BIO_Images/EBTAQ25-03.084.jpg | I422: BMW - Yanbu'ul Qur'an
A423: EBTAQ25-01.311 | B423: TIARA HAWA | C423: Perempuan | D423: JAKARTA | E423: 41394 | F423: SALMAN ALFARISI | G423: SITI HASANAH | H423: BIO_Images/EBTAQ25-01.311.jpg | I423: Demak - TPQ ALHUSNA (MI)
A424: EBTAQ25-01.312 | B424: DIMASKY MIRZA ARDANI | C424: Laki-laki | D424: DEMAK | E424: 41818 | F424: DEDY SURYADI | G424: NUR HAYATI | H424: BIO_Images/EBTAQ25-01.312.jpg | I424: Demak - TPQ MIFTAHUL JANNAH
... A457: EBTAQ25-01.330 | B457: AZWA LAYYINATUS SALIMAH | C457: Perempuan | D457: DEMAK | E457: 42588 | F457: AGUS SALIM | G457: NUR FAIZAH | H457: BIO_Images/EBTAQ25-01.330.jpg | I457: Demak - TPQ ALHUSNA (MI)

Sheet Lembar4
A1: LEMBAGA | B1: ID | C1: NAMA | D1: JK | E1: TL | F1: TL | G1: BIN | H1: BINTI
A2: BMW - Al Khoiriyah | B2: EBTAQ25.03.009 | C2: ALFIAH JULIANTI | D2: Perempuan | E2: DEMAK | F2: 41826 | G2: ACHSANU ROHIM | H2: DEWI KHUSAEMAH | I2: BIO_Images/EBTAQ25-03.009.jpg | J2: =VLOOKUP(C2,FORMGOOGLE,7,FALSE) -> https://drive.google.com/open?id=1psFhggJNjW0Q06-AS_03545oWNwba2eD
A3: BMW - Al Khoiriyah | B3: EBTAQ25.03.010 | C3: NUFIKHO SOFARA KHOIRIYAH | D3: Perempuan | E3: DEMAK | F3: 41995 | G3: ACHMAD SIFULFAZI | H3: LAIKHATUN | I3: BIO_Images/EBTAQ25-03.010.jpg | J3: =VLOOKUP(C3,FORMGOOGLE,7,FALSE) -> https://drive.google.com/open?id=1s3LFdyMeqFalnRmaui5QMwT40phv-BJm
A4: BMW - As-Sa'idiyyah | B4: EBTAQ25.03.072 | C4: AHMAD FERI AKBAR | D4: Laki-laki | E4: DEMAK | F4: 42047 | G4: NUR ROCHIM | H4: FARIDHOTUL CHASANAH | I4: BIO_Images/EBTAQ25-03.072.jpg | J4: =VLOOKUP(C4,FORMGOOGLE,7,FALSE) -> https://drive.google.com/open?id=1SDaqqz8FjmLECG_PwZoqNVbdvUH_ztDm
A5: BMW - As-Sa'idiyyah | B5: EBTAQ25.03.081 | C5: AZKIA NAJIHA KIRANA | D5: Perempuan | E5: DEMAK | F5: 42173 | G5: HARYANTO | H5: MUSLIKHATUL HIDAYAH | I5: BIO_Images/EBTAQ25-03.081.jpg | J5: =VLOOKUP(C5,FORMGOOGLE,7,FALSE) -> https://drive.google.com/open?id=1W8hDgK5sI05j5MzPA1OqlLedyPVaqiKk
A6: BMW - As-Sa'idiyyah | B6: EBTAQ25.03.043 | C6: AZRIL RASYA ABQORY | D6: Laki-laki | E6: DEMAK | F6: 42478 | G6: AHMAD SUPRAPTO | H6: DURROTUN NI'MAH | I6: BIO_Images/EBTAQ25-03.043.jpg | J6: =VLOOKUP(C6,FORMGOOGLE,7,FALSE) -> https://drive.google.com/open?id=1ToQh-zRpk_WlpucmnutVYAyqHT-2h9kZ
A7: BMW - As-Sa'idiyyah | B7: EBTAQ25.03.074 | C7: BILQIS FAIHA RIFDA | D7: Perempuan | E7: DEMAK | F7: 41991 | G7: MUSRIAN | H7: SUYATI | I7: BIO_Images/EBTAQ25-03.074.jpg | J7: =VLOOKUP(C7,FORMGOOGLE,7,FALSE) -> https://drive.google.com/open?id=1u4o_UvKvF0x01zSTBUeEJEoT5rrIyOlJ
A8: BMW - As-Sa'idiyyah | B8: EBTAQ25.03.075 | C8: FARISYA FINATUL AGUSTINA | D8: Perempuan | E8: DEMAK | F8: 41868 | G8: MUHAMMAD ARIS | H8: NAFISSATUN NAJIKHAH | I8: BIO_Images/EBTAQ25-03.075.jpg | J8: =VLOOKUP(C8,FORMGOOGLE,7,FALSE) -> https://drive.google.com/open?id=1r8lhsDsZB1mTBwxbps_rfzhzJYlY8199
A9: BMW - As-Sa'idiyyah | B9: EBTAQ25.03.076 | C9: INAYATUR ROHMAH | D9: Perempuan | E9: DEMAK | F9: 41913 | G9: HASAN BISRI | H9: NUR FAIZAH | I9: BIO_Images/EBTAQ25-03.076.jpg | J9: =VLOOKUP(C9,FORMGOOGLE,7,FALSE) -> https://drive.google.com/open?id=1P9GETMCZuDRzZgKdSxk5zWGFoSP12QmI
A10: BMW - As-Sa'idiyyah | B10: EBTAQ25.03.078 | C10: KIRANA 'AROFATUSYALISAH | D10: Perempuan | E10: DEMAK | F10: 41909 | G10: MUAYADI | H10: MUDAYANAH | I10: BIO_Images/EBTAQ25-03.078.jpg | J10: =VLOOKUP(C10,FORMGOOGLE,7,FALSE) -> https://drive.google.com/open?id=1LQ3SXlZFH3Kriut1xpptlTEswZCHq4A0
A11: BMW - As-Sa'idiyyah | B11: EBTAQ25.03.071 | C11: MUHAMMAD FAHMI AMMAR | D11: Laki-laki | E11: DEMAK | F11: 41758 | G11: ABU HASAN | H11: MUYASAROH | I11: BIO_Images/EBTAQ25-03.071.jpg | J11: =VLOOKUP(C11,FORMGOOGLE,7,FALSE) -> https://drive.google.com/open?id=1YxamQuGn0RJyCNFoEPZglloBjiyHVl6i
A12: BMW - As-Sa'idiyyah | B12: EBTAQ25.03.079 | C12: SAFEEA DAMAYANTI | D12: Perempuan | E12: DEMAK | F12: 42487 | G12: IMAM SAFI'I | H12: NIKMATUL IFAH | I12: BIO_Images/EBTAQ25-03.079.jpg | J12: =VLOOKUP(C12,FORMGOOGLE,7,FALSE) -> https://drive.google.com/open?id=1YWO7rWiFVnhn0tRv8W3X-a00y4gtsNI4
A13: BMW - As-Sa'idiyyah | B13: EBTAQ25.03.080 | C13: TIKTA ZULIYANTI AYUNINGTYAS | D13: Perempuan | E13: DEMAK | F13: 41839 | G13: MUHSININ | H13: NANIK AINISAH | I13: BIO_Images/EBTAQ25-03.080.jpg | J13: =VLOOKUP(C13,FORMGOOGLE,7,FALSE) -> https://drive.google.com/open?id=1Us9NmwNeMDot6NKD1jcBov-79KpCK0LS
... A202: Demak - TPQ ALHUSNA (MI) | B202: EBTAQ25-01.257 | C202: Muhammad Fairuz Dzulfadhly | D202: Laki-laki | E202: Demak | F202: 41925 | G202: Imamul Muttaqin | H202: Nasikhah | I202: BIO_Images/EBTAQ25-01.257.jpg | J202: =VLOOKUP(C202,FORMGOOGLE,7,FALSE) -> https://drive.google.com/open?id=1VnTLp2RssADWEGe-TRFaZFimwy_pyA55
A203: Demak - TPQ ALHUSNA (MI) | B203: EBTAQ25-05.043 | C203: MUHAMMAD KAFA ASSARIF | D203: Laki-laki | E203: DEMAK | F203: 42192 | G203: ZUHARIS SUHARIMAN | H203: AFIDATUL LAYINAH | I203: #N/A | J203: =VLOOKUP(C203,FORMGOOGLE,7,FALSE) -> https://drive.google.com/open?id=1LfamwvMgHMFzh1C4F4yD_mxU_rASbBj8
A204: Demak - TPQ ALHUSNA (MI) | B204: EBTAQ25-01.277 | C204: Muhammad Nazzala Furqon Aly | D204: Laki-laki | E204: Demak | F204: 42543 | G204: Ali Chamdan | H204: Fatimah | I204: BIO_Images/EBTAQ25-01.277.jpg | J204: =VLOOKUP(C204,FORMGOOGLE,7,FALSE) -> https://drive.google.com/open?id=1R0xsZ3JB5WgoYfr2w3W-xVpxfuR93nW8
A205: Demak - TPQ ALHUSNA (MI) | B205: EBTAQ25-01.261 | C205: Muhammad Syakir Rizqullah | D205: Laki-laki | E205: Sidoarjo | F205: 42283 | G205: Imamul Muttaqin | H205: Nasikhah | I205: BIO_Images/EBTAQ25-01.261.jpg | J205: =VLOOKUP(C205,FORMGOOGLE,7,FALSE) -> https://drive.google.com/open?id=1nXHMHWvyt9YmIDP8GFGOndQ_eu4F6tkT
A206: Demak - TPQ ALHUSNA (MI) | B206: EBTAQ25-01.287 | C206: Muhammad Vallentino Kevin El Fasya | D206: Laki-laki | E206: Demak | F206: 41925 | G206: Heri Kiswanto | H206: Ana Zulfa Rahmawati | I206: BIO_Images/EBTAQ25-01.287.jpeg | J206: =VLOOKUP(C206,FORMGOOGLE,7,FALSE) -> https://drive.google.com/open?id=1nYgtEnvBc-2oafr89_vMw6tvhgcnSXE8
A207: Demak - TPQ ALHUSNA (MI) | B207: EBTAQ25-01.275 | C207: Muhammad Yasiin | D207: Laki-laki | E207: DEMAK | F207: 42299 | G207: Suhartono | H207: Tutik Subiyanti | I207: BIO_Images/EBTAQ25-01.275.jpg | J207: =VLOOKUP(C207,FORMGOOGLE,7,FALSE) -> https://drive.google.com/open?id=1GAroFSRp1Ii272XDhixMhAwsta8qjBNM
A208: Demak - TPQ ALHUSNA (MI) | B208: EBTAQ25-01.293 | C208: Musyafa nur jati | D208: Laki-laki | E208: Demak | F208: 42170 | G208: Nadliron | H208: Winarsih | I208: BIO_Images/EBTAQ25-01.293.jpg | J208: =VLOOKUP(C208,FORMGOOGLE,7,FALSE) -> https://drive.google.com/open?id=1AkUa0BS0NAaiUOwB3Xgw-QEgpxLnD-nD
A209: Demak - TPQ ALHUSNA (MI) | B209: EBTAQ25-01.250 | C209: Nabillah Damara Najmy Kallani | D209: Perempuan | E209: Demak | F209: 42733 | G209: Achmadi | H209: Dwi Puji Asmorodewi | I209: BIO_Images/EBTAQ25-01.250.jpg | J209: =VLOOKUP(C209,FORMGOOGLE,7,FALSE) -> https://drive.google.com/open?id=1yefzqLQFpzpNv6RhFf9fm5kZStIAO1S4
A210: Demak - TPQ ALHUSNA (MI) | B210: EBTAQ25-01.256 | C210: Nadine Aulia Firdaus | D210: Perempuan | E210: Demak | F210: 42272 | G210: Ali Firdaus | H210: Mujiyatun | I210: BIO_Images/EBTAQ25-01.256.jpg | J210: =VLOOKUP(C210,FORMGOOGLE,7,FALSE) -> https://drive.google.com/open?id=1FMCv-OTNjtD4cu_4XJfLIvrcqilIeQyx
A211: Demak - TPQ ALHUSNA (MI) | B211: EBTAQ25-01.296 | C211: Nasyahila ufaira marwa | D211: Perempuan | E211: Demak | F211: 42281 | G211: Nur khamim | H211: Kholis wati | I211: BIO_Images/EBTAQ25-01.296.jpg | J211: =VLOOKUP(C211,FORMGOOGLE,7,FALSE) -> https://drive.google.com/open?id=1koccTZvq0-DWYxDEU4pijkrtdAMdaxTK
A212: Demak - TPQ ALHUSNA (MI) | B212: EBTAQ25-01.276 | C212: NAZZAHRA FLORENZIA HAQQI | D212: Perempuan | E212: DEMAK | F212: 42553 | G212: BARKAH ULHAQ ARI WIDODO | H212: CITRAYOGI CAHYO SUNDARI | I212: BIO_Images/EBTAQ25-01.276.jpg | J212: =VLOOKUP(C212,FORMGOOGLE,7,FALSE) -> https://drive.google.com/open?id=18vn_P_zdAUY6xw7TO7HDwD-3BonY26NF
A213: Demak - TPQ ALHUSNA (MI) | B213: EBTAQ25-01.252 | C213: Rakha Alhafeezy Putra Setiawan | D213: Laki-laki | E213: Demak | F213: 41907 | G213: Andika Yoan Setiawan | H213: Endang Setyowati | I213: BIO_Images/EBTAQ25-01.252.jpg | J213: =VLOOKUP(C213,FORMGOOGLE,7,FALSE) -> https://drive.google.com/open?id=1iGR_E4Z2vsNTTwrRZsBbdEgDmyD4JhcB
A214: Demak - TPQ ALHUSNA (MI) | B214: EBTAQ25-01.268 | C214: RIFKI RIDHO | D214: Laki-laki | E214: Demak | F214: 42307 | G214: MUHIBBIN | H214: SUMIYATI | I214: BIO_Images/EBTAQ25-01.268.jpg | J214: =VLOOKUP(C214,FORMGOOGLE,7,FALSE) -> https://drive.google.com/open?id=1VrlskstDc4qBThiFEYUpZRoXn_aw3a6h
A215: Demak - TPQ ALHUSNA (MI) | B215: EBTAQ25-01.264 | C215: Shakila Adzkiya Sakhi Hayza | D215: Perempuan | E215: Semarang | F215: 42929 | G215: M. Satria Indra Purnama Sakti | H215: Nur Chamidah | I215: BIO_Images/EBTAQ25-01.264.jpg | J215: =VLOOKUP(C215,FORMGOOGLE,7,FALSE) -> https://drive.google.com/open?id=1C4S2RNHsMXPKdYbhVQIjmJw_8Dhoit7i
... A317: DEMAK - TPQ Raudlatul Muta'allimin | B317: EBTAQ25-01.147 | C317: Muhammad khoirul azam | D317: Laki-laki | E317: Demak | F317: 43448 | G317: Subakir | H317: Kusrini | I317: BIO_Images/EBTAQ25-01.147.jpg | J317: =VLOOKUP(C317,FORMGOOGLE,7,FALSE) -> https://drive.google.com/open?id=1UTslcn3OyPqC4-G7Ke2WjORM43S3M58-
A318: Demak - TPQ ROUDHOTUL JANNAH | B318: EBTAQ25-01.310 | C318: ADRIAN PRADIPTA WIJAYA | D318: Laki-laki | E318: 42287 | F318: 42287 | G318: DANANG HARYANTO | H318: NIKMATUL INAYAH | I318: BIO_Images/EBTAQ25-01.310.jpg | J318: =VLOOKUP(C318,FORMGOOGLE,7,FALSE) -> https://drive.google.com/open?id=1R65QIAANHQCxsGdRzrm7tyiIfSY0fuKB
A319: Demak - TPQ SULAMUNNAJAH | B319: EBTAQ25-01.289 | C319: Alayya Nahda Rafanda | D319: Perempuan | E319: Demak | F319: 42272 | G319: Sumber Kusnadi | H319: IRA SOFIANA | I319: BIO_Images/EBTAQ25-01.289.jpeg | J319: =VLOOKUP(C319,FORMGOOGLE,7,FALSE) -> https://drive.google.com/open?id=1iFjITDLXK7VFyEP5_NpZJySSTlYKAZl5
A320: Demak - TPQ SULAMUNNAJAH | B320: EBTAQ25-01.299 | C320: RHEA AINAYA SAPUTRA | D320: Perempuan | E320: Demak | F320: 42563 | G320: Lilik Dwi Saputro | H320: ANIK ANDRIANINGRUM | I320: BIO_Images/EBTAQ25-01.299.jpeg | J320: =VLOOKUP(C320,FORMGOOGLE,7,FALSE) -> https://drive.google.com/open?id=1YZ9e9PPnxhhRTdxq8SbsoqfdkKubDF4l
A321: Demak - TPQ SULAMUNNAJAH | B321: EBTAQ25-01.301 | C321: Wimala Nuriel Sefti Elysia | D321: Perempuan | E321: Klaten | F321: 42614 | G321: Iswanto | H321: Nur Kayati | I321: BIO_Images/EBTAQ25-01.301.jpeg | J321: =VLOOKUP(C321,FORMGOOGLE,7,FALSE) -> https://drive.google.com/open?id=1zydE7SvMfDEOZmT6HIWXthmyDF5c80Zd
A322: Dewoka - Assalamah | B322: EBTAQ25-03.133 | C322: Ayunda Bella Orlin | D322: Perempuan | E322: Demak | F322: 42239 | G322: Mokhamad mustaqim | H322: Mutriah | I322: BIO_Images/EBTAQ25-03.133.Foto.232349.jpg | J322: =VLOOKUP(C322,FORMGOOGLE,7,FALSE) -> https://drive.google.com/open?id=1D0xtIGib75JpcOeL7shhVxICaRjPgXTk
A323: Dewoka - Assalamah | B323: EBTAQ25-03.132 | C323: KAISA FARZANA ASFIA | D323: Perempuan | E323: DEMAK | F323: 42748 | G323: CHOLIQUL AHSAN | H323: DURROTUN NASHIHAH | I323: BIO_Images/EBTAQ25-03.132.Foto.232524.jpg | J323: =VLOOKUP(C323,FORMGOOGLE,7,FALSE) -> https://drive.google.com/open?id=1LobfRd9C-d4R6m55FLZ2DiaRknSg_JLN
A324: Dewoka - Assalamah | B324: EBTAQ25-03.131 | C324: RIZKY KHOIRUL KHAMDANI | D324: Laki-laki | E324: DEMAK | F324: 42087 | G324: MOH KHOIRI | H324: DESI KARTIKA SARI | I324: BIO_Images/EBTAQ25-03.131.Foto.232620.jpg | J324: =VLOOKUP(C324,FORMGOOGLE,7,FALSE) -> https://drive.google.com/open?id=1rsZs2C51Q-gaY6LItyqBK7AzKezP-9Hl
A325: Dewoka - Assalamah | B325: EBTAQ25-03.129 | C325: SISCA OLIVIA | D325: Perempuan | E325: DEMAK | F325: 41545 | G325: MUSTHOFA | H325: MUNAFIAH | I325: BIO_Images/EBTAQ25-03.129.Foto.232701.jpg | J325: =VLOOKUP(C325,FORMGOOGLE,7,FALSE) -> https://drive.google.com/open?id=1Ot7nzUstYzC486mZVkShIqToDW-UWy6u
A326: Dewoka - Bustanul Muta'allimin | B326: EBTAQ25-02.062 | C326: Bella Citra Mahardika | D326: Perempuan | E326: Demak | F326: 42138 | G326: Joko Susilo | H326: Ari Praptiningsih | I326: BIO_Images/EBTAQ25-02.062.jpg | J326: =VLOOKUP(C326,FORMGOOGLE,7,FALSE) -> https://drive.google.com/open?id=1LzXhyAyvSeWqcJfrTQGqMHQekdKMZ3PF
A327: Dewoka - Bustanul Muta'allimin | B327: EBTAQ25-02.061 | C327: Dwi Arsya Azahra | D327: Perempuan | E327: Demak | F327: 42821 | G327: Amin Sugiharso | H327: Irfatul Uliyah | I327: BIO_Images/EBTAQ25-02.061.jpg | J327: =VLOOKUP(C327,FORMGOOGLE,7,FALSE) -> https://drive.google.com/open?id=1Gjjfy9IKk9ZYBnxBghw-8ekzayts5zAa
A328: Dewoka - Bustanul Muta'allimin | B328: EBTAQ25-02.063 | C328: Fitri Nurul Nafisah | D328: Perempuan | E328: Demak | F328: 42558 | G328: - | H328: Titik Asmorowati | I328: BIO_Images/EBTAQ25-02.063.jpg | J328: =VLOOKUP(C328,FORMGOOGLE,7,FALSE) -> https://drive.google.com/open?id=1iKHQrLbf6cSREyxW8CLecTg2jawcUwjO
A329: Dewoka - Bustanul Muta'allimin | B329: EBTAQ25-02.059 | C329: Jovan Alaric Wahyu Adijaya | D329: Laki-laki | E329: Sukoharjo | F329: 42222 | G329: Slamet Widodo | H329: Hartini Wati | I329: BIO_Images/EBTAQ25-02.059.jpg | J329: =VLOOKUP(C329,FORMGOOGLE,7,FALSE) -> https://drive.google.com/open?id=1rZO_IojWByuDfKb-PeU59ml9rlSG-BW9
A330: Dewoka - Bustanul Muta'allimin | B330: EBTAQ25-02.060 | C330: Kevin Ardana Abiputra | D330: Laki-laki | E330: Demak | F330: 42831 | G330: Sukarno | H330: Novi Puspitasari | I330: BIO_Images/EBTAQ25-02.060.jpg | J330: =VLOOKUP(C330,FORMGOOGLE,7,FALSE) -> https://drive.google.com/open?id=1uAJfL0axkQuqJc29IZ_3lfoJx6NjtE1P
... A391: Karangga - Al Hikmah | B391: EBTAQ25-04.003 | C391: AHMAD ALIN ATTAMAMI | D391: Laki-laki | E391: DEMAK | F391: 41621 | G391: MAHMUD | H391: EKO PRIYANTI | I391: BIO_Images/EBTAQ25-04.003.Foto.230043.jpg | J391: =VLOOKUP(C391,FORMGOOGLE,7,FALSE) -> https://drive.google.com/open?id=1lXl8mcbKrrf6D8qCxW53exOrMsD3-msY
A392: Karangga - Al Hikmah | B392: EBTAQ25-04.057 | C392: AHMAD SHIDIQ AL KARIM | D392: Laki-laki | E392: DEMAK | F392: 41704 | G392: ABDUL KARIM | H392: SITI SYARIAH | I392: #N/A | J392: =VLOOKUP(C392,FORMGOOGLE,7,FALSE) -> https://drive.google.com/open?id=1lgLhF1xR0UF8WCyY91C4lmIvYwz_QRP4
A393: Karangga - Al Hikmah | B393: EBTAQ25-04.047 | C393: AHMAD SHIDIQ ALKARIM | D393: Laki-laki | E393: DEMAK | F393: 41704 | G393: ABDUL KARIM | H393: SITI SYARIAH | I393: #N/A | J393: =VLOOKUP(C393,FORMGOOGLE,7,FALSE) -> https://drive.google.com/open?id=1gj9zs7do8UXzut3Ok8t7iB5u3qKntN9Z
A394: Karangga - Al Hikmah | B394: EBTAQ25-04.051 | C394: Alfida Zahwa Awalia | D394: Perempuan | E394: Demak | F394: 41792 | G394: Mualimin | H394: Siti mas udah | I394: BIO_Images/EBTAQ25-04.051.Foto.230619.jpg | J394: =VLOOKUP(C394,FORMGOOGLE,7,FALSE) -> https://drive.google.com/open?id=1kKmYTDDn61MhOUXcIXuWC4-WqxFbzU3r
A395: Karangga - Al Hikmah | B395: EBTAQ25-01.213 | C395: Fitriana aida syifa | D395: Perempuan | E395: Demak | F395: 41548 | G395: Budi utomo | H395: Siti masroyah | I395: BIO_Images/EBTAQ25-01.213.jpg | J395: =VLOOKUP(C395,FORMGOOGLE,7,FALSE) -> https://drive.google.com/open?id=1DJVq2Jmyu0aHFInLuL8zqCoyTr62JAUu
A396: Karangga - Al Hikmah | B396: EBTAQ25-04.069 | C396: Gibran Muhammad Irsyad Al Kafi | D396: Laki-laki | E396: Demak | F396: 41607 | G396: Ali Mustahar | H396: Laelatun Nafiah | I396: BIO_Images/EBTAQ25-04.069.jpg | J396: =VLOOKUP(C396,FORMGOOGLE,7,FALSE) -> https://drive.google.com/open?id=1bsc5QBcXOnqIvA8BYJTwnergkD6ctpg4
A397: Karangga - Al Hikmah | B397: EBTAQ25-01.223 | C397: Muhammad Farid Al Hafizh | D397: Laki-laki | E397: Demak | F397: 41752 | G397: Ali Sobirin | H397: Mariya Ulfa | I397: BIO_Images/EBTAQ25-01.223.jpg | J397: =VLOOKUP(C397,FORMGOOGLE,7,FALSE) -> https://drive.google.com/open?id=1kOIpkXL2ulXMgtwZo_paD2jgLViTSESS
A398: Karangga - Al Hikmah | B398: EBTAQ25-04.032 | C398: MUHAMMAD NAUFAL HASAN | D398: Laki-laki | E398: Demak | F398: 41629 | G398: Susilo | H398: Widya Desianingsih | I398: BIO_Images/EBTAQ25-04.032.Foto.230758.jpg | J398: =VLOOKUP(C398,FORMGOOGLE,7,FALSE) -> https://drive.google.com/open?id=1lgdTeLYu4GKAZTieHMdp98vhLTCwn72t
A399: Karangga - Al Hikmah | B399: EBTAQ25-01.171 | C399: Muhammad Sultan Al Fatih | D399: Laki-laki | E399: Demak | F399: 41779 | G399: Sofi Luthfi | H399: Evi Khosiatul Kholisoh | I399: BIO_Images/EBTAQ25-01.171.jpg | J399: =VLOOKUP(C399,FORMGOOGLE,7,FALSE) -> https://drive.google.com/open?id=1L3WshmBGPE7_6Ska8EkXv7Dk6yofWrNZ
A400: Karangga - Al Hikmah | B400: EBTAQ25-04.044 | C400: Nestry Widya putri | D400: Perempuan | E400: Demak | F400: 41515 | G400: Sumari | H400: Royanti | I400: BIO_Images/EBTAQ25-04.044.Foto.230836.jpg | J400: =VLOOKUP(C400,FORMGOOGLE,7,FALSE) -> https://drive.google.com/open?id=1COIy77-1FsJw2v86mK3Xwvqd6bJ7XbKA
A401: Karangga - Al Hikmah | B401: EBTAQ25-04.055 | C401: NOVIA RAHAYU MUSTHOVIA | D401: Perempuan | E401: DEMAK | F401: 41604 | G401: AGUS OKTO PRAMONO | H401: MUSRIPAH | I401: BIO_Images/EBTAQ25-04.055.Foto.230936.jpg | J401: =VLOOKUP(C401,FORMGOOGLE,7,FALSE) -> https://drive.google.com/open?id=1I9npCVa3mjeNHt88jRaWRzpy9JFIAGGh
A402: Karangga - Al Hikmah | B402: EBTAQ25-01.219 | C402: Silvia adinda neng tias | D402: Perempuan | E402: Demak | F402: 45935 | G402: Ahmad nur hasyim | H402: Sulyati | I402: BIO_Images/EBTAQ25-01.219.jpg | J402: =VLOOKUP(C402,FORMGOOGLE,7,FALSE) -> https://drive.google.com/open?id=18Vk3aDpt3h0-9itKl1-HO2GA7Ni7f4nO
A403: Karangga - Al Hikmah | B403: EBTAQ25-01.221 | C403: Silvia Adinda Ningtias | D403: Perempuan | E403: Demak | F403: 41552 | G403: Ahmad Nur Hasyim | H403: Sulyati | I403: BIO_Images/EBTAQ25-01.221.jpg | J403: =VLOOKUP(C403,FORMGOOGLE,7,FALSE) -> https://drive.google.com/open?id=1UilDIsyFUoCzRhrVBqJEJzR8NQc7yiNn
A404: Karangga - Al Ijtihad Al Mubarok | B404: EBTAQ25-04.015 | C404: ADIRA AZZAHRA | D404: Perempuan | E404: Demak | F404: 41537 | G404: Khamidul Manan | H404: Rubiah | I404: BIO_Images/EBTAQ25-04.015.Foto.231034.jpg | J404: =VLOOKUP(C404,FORMGOOGLE,7,FALSE) -> https://drive.google.com/open?id=1KbrS9FqYKOEY24gdTSys6hJZvL0lHer0
A405: Karangga - Al Ijtihad Al Mubarok | B405: EBTAQ25-01.195 | C405: Ahmad Abdika Assyauqi | D405: Laki-laki | E405: Demak | F405: 43228 | G405: Alaudin | H405: Lilis setyaningsih | I405: BIO_Images/EBTAQ25-01.195.jpg | J405: =VLOOKUP(C405,FORMGOOGLE,7,FALSE) -> https://drive.google.com/open?id=1xvKEaV02CpJrgInKmAa00qjPdob5aDkF
... A407: Karangga - Al Ijtihad Al Mubarok | B407: EBTAQ25-04.020 | C407: AQILLA ARINARRUSYDAA | D407: Perempuan | E407: Kudus | F407: 42437 | G407: Mahmud Zuhdi | H407: Sahlatun | I407: BIO_Images/EBTAQ25-04.020.Foto.231221.jpg | J407: =VLOOKUP(C407,FORMGOOGLE,7,FALSE) -> https://drive.google.com/open?id=1YfqVn0HLFJaAdt4o2Q0VLB43xJ_cwTRJ
A408: Karangga - Al Ijtihad Al Mubarok | B408: EBTAQ25-04.022 | C408: Assyfa yusfina sandra | D408: Perempuan | E408: Demak | F408: 42613 | G408: Faizun ulirosad | H408: ikhwati | I408: #N/A | J408: =VLOOKUP(C408,FORMGOOGLE,7,FALSE) -> https://drive.google.com/open?id=1yy1-xSodyKoG1L2mee-gtFCVC9QGwDB-
A409: Karangga - Al Ijtihad Al Mubarok | B409: EBTAQ25-04.016 | C409: AZHARA ARFIANI PUTRI | D409: Perempuan | E409: Demak | F409: 41739 | G409: Rusmin | H409: Siti Mugiroh | I409: BIO_Images/EBTAQ25-04.016.Foto.231432.jpg | J409: =VLOOKUP(C409,FORMGOOGLE,7,FALSE) -> https://drive.google.com/open?id=1H6OzlTiqKhlBdrqvkBMDjPEy6-MD9AiM
A410: Karangga - Al Ijtihad Al Mubarok | B410: EBTAQ25-04.019 | C410: AZZA KAMILIA | D410: Perempuan | E410: Demak | F410: 42152 | G410: Moh.Ansyori | H410: Khoirunisa | I410: BIO_Images/EBTAQ25-04.019.Foto.231507.jpg | J410: =VLOOKUP(C410,FORMGOOGLE,7,FALSE) -> https://drive.google.com/open?id=1W11jGX14LZWtZo8oFwITXzqliRT8g1bU
A411: Karangga - Al Ijtihad Al Mubarok | B411: EBTAQ25-04.053 | C411: Daffa Radinka Faustin | D411: Laki-laki | E411: Tanjunganyar gajah demak | F411: 42148 | G411: Fuji santoso | H411: Asih setyowati | I411: BIO_Images/EBTAQ25-04.053.Foto.231546.jpg | J411: =VLOOKUP(C411,FORMGOOGLE,7,FALSE) -> https://drive.google.com/open?id=178RWWghzlb0FnZDGKxNz9Tap6MIp9HdJ
A412: Karangga - Al Ijtihad Al Mubarok | B412: EBTAQ25-04.017 | C412: DESTI INTAN NUR AINI | D412: Perempuan | E412: Demak | F412: 42708 | G412: Muhamad Saifudin | H412: Minkhatun | I412: BIO_Images/EBTAQ25-04.017.Foto.231624.jpg | J412: =VLOOKUP(C412,FORMGOOGLE,7,FALSE) -> https://drive.google.com/open?id=1b6U5P3xkP9RJEtKRfOPxqeUDNchC2oTK
A413: Karangga - Al Ijtihad Al Mubarok | B413: EBTAQ25-04.018 | C413: JIHAN THALITA SALSABILA | D413: Perempuan | E413: Kudus | F413: 42374 | G413: Ahmad Aspan | H413: Subaedah | I413: BIO_Images/EBTAQ25-04.018.Foto.231659.jpg | J413: =VLOOKUP(C413,FORMGOOGLE,7,FALSE) -> https://drive.google.com/open?id=15GxfuE8yt78v2Ku6o4KmSJGqXjzYrO6c
A414: Karangga - Al Ijtihad Al Mubarok | B414: EBTAQ25-04.013 | C414: KHYAROTUNNISA | D414: Perempuan | E414: Demak | F414: 41982 | G414: Kholid Maknawi | H414: Saryati | I414: BIO_Images/EBTAQ25-04.013.Foto.231743.jpg | J414: =VLOOKUP(C414,FORMGOOGLE,7,FALSE) -> https://drive.google.com/open?id=1f3vhZa5xejSUfprv7TjQ4ioll8ynlKiB
A415: Karangga - Al Ijtihad Al Mubarok | B415: EBTAQ25-04.023 | C415: MUHAMMAD MAULIDINA AKHSAN | D415: Laki-laki | E415: Demak | F415: 42007 | G415: Ali Purwono | H415: Lutfiatul Anisah | I415: BIO_Images/EBTAQ25-04.023.Foto.232021.jpg | J415: =VLOOKUP(C415,FORMGOOGLE,7,FALSE) -> https://drive.google.com/open?id=1hSmvXMsLfh92U9xMwaXm002KnN854ZSi
A416: Karangga - Al Ijtihad Al Mubarok | B416: EBTAQ25-04.021 | C416: MUHAMMAD MAULIDINA AKMAL | D416: Laki-laki | E416: Demak | F416: 42007 | G416: Ali Purwono | H416: Lutfiatul Anisah | I416: BIO_Images/EBTAQ25-04.021.Foto.231923.jpg | J416: =VLOOKUP(C416,FORMGOOGLE,7,FALSE) -> https://drive.google.com/open?id=18digA0SBWsJ0Fd1WI7gpCwMpp4ZFkXBm
A417: Karangga - Al Ijtihad Al Mubarok | B417: EBTAQ25-04.041 | C417: Nayla aulia azzani | D417: Perempuan | E417: Demak | F417: 42839 | G417: Khamim makhrus | H417: Siti umrotun | I417: BIO_Images/EBTAQ25-04.041.Foto.232147.jpg | J417: =VLOOKUP(C417,FORMGOOGLE,7,FALSE) -> https://drive.google.com/open?id=1zsmkmA1GltvtKLHGK-zfi-hyTpjX8WYB
A418: Karangga - Al Ijtihad Al Mubarok | B418: EBTAQ25-04.024 | C418: RASYA MUHAMMAD ATHAYA | D418: Laki-laki | E418: Demak | F418: 41774 | G418: Mohamad Santoso | H418: Atik Suryandari | I418: BIO_Images/EBTAQ25-04.024.Foto.232251.jpg | J418: =VLOOKUP(C418,FORMGOOGLE,7,FALSE) -> https://drive.google.com/open?id=1K2fnXVTXvZFKykQ57a1RBsivMqywfVJF
A419: Karangga - Babussalam | B419: EBTAQ25-04.071 | C419: AGAM BRAMASTYO ALFALAH | D419: Laki-laki | E419: DEMAK | F419: 42703 | G419: SAIFUDDIN | H419: NURRISTIANI | I419: BIO_Images/EBTAQ25-04.071.jpeg | J419: =VLOOKUP(C419,FORMGOOGLE,7,FALSE) -> https://drive.google.com/open?id=14HlGjZszb0tUF9W7hGovpWnWy7e9R0FA
A420: Karangga - Babussalam | B420: EBTAQ25-04.070 | C420: ARSYILA HANANIA HUMAIRA | D420: Perempuan | E420: DEMAK | F420: 42538 | G420: ALI MUNDOFIR | H420: ANTIQUL KHOIRIYAH | I420: BIO_Images/EBTAQ25-04.070.jpeg | J420: =VLOOKUP(C420,FORMGOOGLE,7,FALSE) -> https://drive.google.com/open?id=1GRRkqUB6KxrQL9XP1EVAJyIVF4q5XB2T
... A431: Karangga - Miftahul Ulum | B431: EBTAQ25-04.004 | C431: Marsya Adelia Qisya | D431: Perempuan | E431: Demak | F431: 41653 | G431: Busono | H431: Siti Sofiatun | I431: BIO_Images/EBTAQ25-04.004.Foto.234419.jpg | J431: =VLOOKUP(C431,FORMGOOGLE,7,FALSE) -> https://drive.google.com/open?id=1HfC19LdDd8dOFq6VALCq6kjBPVzshWwJ
A432: Karangga - Miftahul Ulum | B432: EBTAQ25-04.061 | C432: NAUFAL VIDI APRILIO | D432: Laki-laki | E432: GROBOGAN | F432: 41734 | G432: BUDI PRASETYO | H432: FIFI HANDAYANTI | I432: #N/A | J432: =VLOOKUP(C432,FORMGOOGLE,7,FALSE) -> https://drive.google.com/open?id=1HEJjEvUb5co52PwsVGxVETT4gaPn9W9Q
A433: Karangga - Miftahul Ulum | B433: EBTAQ25-01.176 | C433: Rihma maharani | D433: Perempuan | E433: Kudus | F433: 42541 | G433: Ahmad kholis | H433: Prahyuningrum | I433: BIO_Images/EBTAQ25-01.176.jpg | J433: =VLOOKUP(C433,FORMGOOGLE,7,FALSE) -> https://drive.google.com/open?id=1u8XFJ_tgVD9qwbNyNI5em7YtaKUhjQh7
A434: Karangga - Miftahul Ulum | B434: EBTAQ25-04.010 | C434: SYIFA AGHNIA RAHMAH | D434: Perempuan | E434: KUDUS | F434: 42323 | G434: RIDWAN | H434: HENI SOFIANA | I434: BIO_Images/EBTAQ25-04.010.Foto.234627.jpg | J434: =VLOOKUP(C434,FORMGOOGLE,7,FALSE) -> https://drive.google.com/open?id=1uROM2cIXkrhQhRvHy_s44W61l1K-kJbB
A435: Karangga - Miftahul Ulum | B435: EBTAQ25-04.063 | C435: Utama | D435: Laki-laki | E435: Kudus | F435: 41792 | G435: Ahmad Kholiq | H435: Siti Rusminatun | I435: BIO_Images/EBTAQ25-04.063.Foto.234714.jpg | J435: =VLOOKUP(C435,FORMGOOGLE,7,FALSE) -> https://drive.google.com/open?id=1txQzlUvpdkOCWZC9jKSKZ_GltLFJZoW4
A436: Karangga - Mubarokah | B436: EBTAQ25-01.170 | C436: FAJRA NADA NADIFA | D436: Perempuan | E436: DEMAK | F436: 41513 | G436: ALI MAHFUD | H436: ZULFAH | I436: BIO_Images/EBTAQ25-01.170.jpg | J436: =VLOOKUP(C436,FORMGOOGLE,7,FALSE) -> https://drive.google.com/open?id=1TEK3hrYk_wIEGw34OFhGY_Y2hzllf80q
A437: Karangga - Mubarokah | B437: EBTAQ25-04.008 | C437: FATHAN ARRIZAL RAHMAN | D437: Laki-laki | E437: DEMAK | F437: 42083 | G437: NUROKHIM | H437: NUNG FARIA | I437: BIO_Images/EBTAQ25-04.008.Foto.234815.jpg | J437: =VLOOKUP(C437,FORMGOOGLE,7,FALSE) -> https://drive.google.com/open?id=1Cmbz5_COEacOd6-Wypa2pRLHw6o52ipm
A438: Karangga - Mubarokah | B438: EBTAQ25-04.011 | C438: Fawwazul Hafiz Hanif | D438: Laki-laki | E438: Demak | F438: 42407 | G438: Santo | H438: Eny Fatmawati | I438: BIO_Images/EBTAQ25-04.011.Foto.234900.jpg | J438: =VLOOKUP(C438,FORMGOOGLE,7,FALSE) -> https://drive.google.com/open?id=1W7_6GMiU0BgfIp9jZXWDFB6P5RZkfhWl
A439: Karangga - Mubarokah | B439: EBTAQ25-04.014 | C439: Hafizah Zahra Ramadhani | D439: Perempuan | E439: Demak | F439: 42193 | G439: Munawar | H439: Umi Rahmawati | I439: BIO_Images/EBTAQ25-04.014.Foto.234954.jpg | J439: =VLOOKUP(C439,FORMGOOGLE,7,FALSE) -> https://drive.google.com/open?id=16_KH0B4EQV_TPeJCS0WU1D5CcljtfXlO
A440: Karangga - Mubarokah | B440: EBTAQ25-04.037 | C440: Jovita Aisyah Putri Budiharjo | D440: Perempuan | E440: Demak | F440: 41631 | G440: Muhtarom Budiharjo | H440: Sri Susilowati | I440: BIO_Images/EBTAQ25-04.037.Foto.235046.jpg | J440: =VLOOKUP(C440,FORMGOOGLE,7,FALSE) -> https://drive.google.com/open?id=1lBouXgxz4hkpyZBxwIqdm5LG7DshNSv0
A441: Karangga - Mubarokah | B441: EBTAQ25-04.007 | C441: Karina maulidatun nisa | D441: Perempuan | E441: Demak | F441: 42364 | G441: Kastono (alm) | H441: Siti sundari | I441: BIO_Images/EBTAQ25-04.007.Foto.235137.jpg | J441: =VLOOKUP(C441,FORMGOOGLE,7,FALSE) -> https://drive.google.com/open?id=16Jn1kZooIo5kByuYX73esDGZsK1V0sq5
A442: Karangga - Mubarokah | B442: EBTAQ25-04.012 | C442: MAHIRA HASNA KAMILA | D442: Perempuan | E442: Demak | F442: 41804 | G442: Muhammad Supriyadi | H442: Umi Kusmawati | I442: BIO_Images/EBTAQ25-04.012.Foto.235220.jpg | J442: =VLOOKUP(C442,FORMGOOGLE,7,FALSE) -> https://drive.google.com/open?id=1b0DqOxuKwEtzMrEENH483VhJK-B7jxb3
A443: Karangga - Mubarokah | B443: EBTAQ25-04.049 | C443: Maulidiyah Nafisatuzzahro | D443: Perempuan | E443: Demak | F443: 42278 | G443: Mustabsirin | H443: Siti Mutamimah | I443: BIO_Images/EBTAQ25-04.049.Foto.235309.jpg | J443: =VLOOKUP(C443,FORMGOOGLE,7,FALSE) -> https://drive.google.com/open?id=1Csv2I1THOik7fTjMdDb5gAkw5Znrapqs
A444: Karangga - Mubarokah | B444: EBTAQ25-04.060 | C444: Muhammad Al Aqilul Muttaqi | D444: Laki-laki | E444: Demak | F444: 41985 | G444: Siswantoro | H444: Izatur Rohmah | I444: BIO_Images/EBTAQ25-04.060.Foto.235354.jpg | J444: =VLOOKUP(C444,FORMGOOGLE,7,FALSE) -> https://drive.google.com/open?id=1gw7KsSsUdWtryaIcqlg2R-PuYHK_G9Mk
... A473: Karbon - TPQ Asnawiyah | B473: EBTAQ25-05.046 | C473: AHMAD BAYU AGIL SHIROD | D473: Laki-laki | E473: DEMAK | F473: 40931 | G473: SUYATNO | H473: MURTOFIAH | I473: BIO_Images/EBTAQ25-05.046.jpg | J473: =VLOOKUP(C473,FORMGOOGLE,7,FALSE) -> https://drive.google.com/open?id=1zCCdMhRTFJglvXLN2wpN10fgJemDIyan
A474: Karbon - TPQ Asnawiyah | B474: EBTAQ25-05.030 | C474: ARINI KARTIKA PUTRI | D474: Laki-laki, Perempuan | E474: GROBOGAN | F474: 40505 | G474: SAWIDI | H474: SULISTYOWATI | I474: #N/A | J474: =VLOOKUP(C474,FORMGOOGLE,7,FALSE) -> https://drive.google.com/open?id=1-aglZ5zUK6B09y6R7-hE-K_k8DG9BqS5
A475: Karbon - TPQ Asnawiyah | B475: EBTAQ25-05.047 | C475: ASBIQ FAZARIZAZ | D475: Laki-laki | E475: DEMAK | F475: 41557 | G475: MISBAH | H475: FAUZIAH | I475: BIO_Images/EBTAQ25-05.047.jpg | J475: =VLOOKUP(C475,FORMGOOGLE,7,FALSE) -> https://drive.google.com/open?id=1w8PIBEBcwa2v6fFptPxbLg9-9qq6KAX5
A476: Karbon - TPQ Asnawiyah | B476: EBTAQ25-05.048 | C476: ATIQAH AZIZAH | D476: Perempuan | E476: DEMAK | F476: 42261 | G476: MOHAMMAD RIVAN AMINUDIN | H476: LAILATUL MUBAROKAH | I476: BIO_Images/EBTAQ25-05.048.jpg | J476: =VLOOKUP(C476,FORMGOOGLE,7,FALSE) -> https://drive.google.com/open?id=1mYkF1kbRAYSrncPC2e1XIit9GAebd6ZX
A477: Karbon - TPQ Asnawiyah | B477: EBTAQ25-05.050 | C477: AULIYA IZZATUL FADHILAH | D477: Perempuan | E477: GROBOGAN | F477: 40733 | G477: JUWADI | H477: SITI MUDZAKIROH | I477: BIO_Images/EBTAQ25-05.050.jpg | J477: =VLOOKUP(C477,FORMGOOGLE,7,FALSE) -> https://drive.google.com/open?id=1ChiCHbMqtWAO2bABGcFyYpyOsu7RSXOr
A478: Karbon - TPQ Darussalam | B478: EBTAQ25-05.044 | C478: MUHAMMAD DANISH BAYHAQI | D478: Laki-laki | E478: Demak | F478: 42069 | G478: HERU PRASETIO | H478: ENI SUSILOWATI | I478: BIO_Images/EBTAQ25-05.044.jpg | J478: =VLOOKUP(C478,FORMGOOGLE,7,FALSE) -> https://drive.google.com/open?id=1xq6-KrEMMLVtaP7VGdOphzl6VRW8AS_w
A479: Karbon - TPQ Darussalam | B479: EBTAQ25-05.027 | C479: MUHAMMAD LABIB ALI MURTADHO | D479: Laki-laki | E479: DEMAK | F479: 42095 | G479: SUDIRMAN | H479: ARIFATUL KHOIRIYAH | I479: #N/A | J479: =VLOOKUP(C479,FORMGOOGLE,7,FALSE) -> https://drive.google.com/open?id=1aI69pndUZux8CwDJQVcz5ZtFAQi4_bT-
A480: Karbon - TPQ Darussalam | B480: EBTAQ25-05.028 | C480: MUHAMMAD ROBITH AZAMI | D480: Laki-laki | E480: Demak | F480: 41750 | G480: Ismail | H480: Siti Asrofatunnihayah | I480: #N/A | J480: =VLOOKUP(C480,FORMGOOGLE,7,FALSE) -> https://drive.google.com/open?id=1mkmjQL_YPptkRE3hNw4ehb8QdoHrJy5p
A481: Karbon - TPQ Masithoh I | B481: EBTAQ25-05.049 | C481: AGHNA RAFIF ABRISAM | D481: Laki-laki | E481: Demak | F481: 42634 | G481: Nur Eko Adi Purnomo | H481: Futimah | I481: BIO_Images/EBTAQ25-05.049.jpg | J481: =VLOOKUP(C481,FORMGOOGLE,7,FALSE) -> https://drive.google.com/open?id=1H_HoA8fd5vmNy8-hugKlML36fgdG6dDf
A482: Karbon - TPQ Masithoh I | B482: EBTAQ25-05.053 | C482: MUHAMMAD IQBAL | D482: Laki-laki | E482: DEMAK | F482: 42199 | G482: YANTO SUYATNO | H482: SITI SUNARIYAH | I482: BIO_Images/EBTAQ25-05.053.jpg | J482: =VLOOKUP(C482,FORMGOOGLE,7,FALSE) -> https://drive.google.com/open?id=1kwVVgVnyDE7Mi01eQ6Un0EeL28heTD3T
A483: Karbon - TPQ Masithoh I | B483: EBTAQ25-01.355 | C483: Muhammad lutfil bahij | D483: Laki-laki | E483: DEMAK 28 Oktober 2013 | F483: 41575 | G483: ZAENURI | H483: MAESAROH | I483: BIO_Images/EBTAQ25-01.355.jpg | J483: =VLOOKUP(C483,FORMGOOGLE,7,FALSE) -> https://drive.google.com/open?id=19fJEbfbbTNMZRZN7R4sn7MzN-PRrul5E
A484: Karbon - TPQ Masithoh I | B484: EBTAQ25-05.051 | C484: OZORA VITO ARISETIAWAN | D484: Laki-laki | E484: DEMAK | F484: 41129 | G484: AGUS SETIAWAN | H484: RIZA ADHITIAS | I484: BIO_Images/EBTAQ25-05.051.jpg | J484: =VLOOKUP(C484,FORMGOOGLE,7,FALSE) -> https://drive.google.com/open?id=1Jwglmtau_jwIEsxAx9V_B021Vr8KspW1
A485: Karbon - TPQ Masithoh I | B485: EBTAQ25-05.055 | C485: SEKAR TRIYANI LATHIFAH | D485: Perempuan | E485: DEMAK | F485: 41659 | G485: NGATMANI | H485: ELLIYA | I485: BIO_Images/EBTAQ25-05.055.jpg | J485: =VLOOKUP(C485,FORMGOOGLE,7,FALSE) -> https://drive.google.com/open?id=1yz8QrTvVrEs6UwQZ9v3Io7LSG1kDbtNR
A486: Karbon - TPQ Masithoh II | B486: EBTAQ25-05.001 | C486: Irsyad Kafin Al Ghifari | D486: Laki-laki | E486: Demak | F486: 42724 | G486: Nur Eko kuntoro | H486: Umayah | I486: BIO_Images/EBTAQ25-05.001.jpg | J486: =VLOOKUP(C486,FORMGOOGLE,7,FALSE) -> https://drive.google.com/open?id=1Tu4b8lvkyu7hGhMCpg7MCjrutLBpI3EX
A487: Karbon - TPQ Masithoh II | B487: EBTAQ25-05.002 | C487: Iskrasophia Dinasty Al - Qudsia | D487: Perempuan | E487: Demak | F487: 41707 | G487: Mustholih | H487: Sri Wahyuningsih | I487: BIO_Images/EBTAQ25-05.002.jpg | J487: =VLOOKUP(C487,FORMGOOGLE,7,FALSE) -> https://drive.google.com/open?id=1XW61HOHCK0XVrUP7ANRL0eoOSASYPHQr
A488: Karbon - TPQ Masithoh II | B488: EBTAQ25-05.004 | C488: Khalisha Azza Shafitri | D488: Perempuan | E488: Demak | F488: 42225 | G488: Subandi | H488: Qutrotuz Zamzami | I488: BIO_Images/EBTAQ25-05.004.jpg | J488: =VLOOKUP(C488,FORMGOOGLE,7,FALSE) -> https://drive.google.com/open?id=1aqjkZhGHrKUqN5F-HA9Sm6tyIra27jA1
...

Sheet Lembar8
A1: 45967.632 | B1: Mranggen | C1: Mranggen - Futuhiyyah | D1: SITI NUR SALSABILA | E1: Kendal | F1: 40885 | G1: SHOLIKHIN | H1: NGASTI'AH | I1: Perempuan | J1: https://drive.google.com/open?id=1mrEM8U6G0fnxB_WTM_uGprNxAl7eOq0e | K1: fatimatuzzahra828@gmail.com | L1: EBTAQ25-06.001
A2: 45968.45 | B2: Demak | C2: Demak - TPQ KH ALJAZERI | D2: WAKHIDATUN NAILIS SA'ADAH | E2: Demak | F2: 42501 | G2: MAD SOLEH | H2: SITI KHOLIFAH | I2: Perempuan | J2: https://drive.google.com/open?id=1CxbLWtvE5o0cP9rqTU94xgy6vevWYehK | K2: nikmaturrosyidah4@gmail.com | L2: EBTAQ25-01.111 | M2: https://drive.google.com/file/d/149ZcJWZKRBGgnZcEt-5zAFELzAWTeuhf/view?usp=drivesdk
A3: 45968.495 | B3: Demak | C3: Demak - TPQ KH ALJAZERI | D3: Atika Zahra Latifa | E3: Demak | F3: 41776 | G3: Abdul Hadi | H3: Tika Ikhwal Maryana | I3: Perempuan | J3: https://drive.google.com/open?id=1-nHm9EXUgpOrxGSEEER_gd2MzcM0-AUU | K3: safarohnizam@gmail.com | L3: EBTAQ25-01.112 | M3: https://drive.google.com/file/d/17FDEWneIX3pFjiXjVZWejPQ5zwFH3zq7/view?usp=drivesdk
A4: 45969.375 | B4: Demak | C4: Demak - TPQ ALHADID | D4: Keisha Laila Fajrina | E4: Demak | F4: 42488 | G4: Mohamad Fatkhan | H4: Sukinah | I4: Perempuan | J4: https://drive.google.com/open?id=1f5SwUGtvDG6QgH4U3gKJlQTxwe1MwDIH | K4: hikmatulishaq@gmail.com | L4: EBTAQ25-01.113 | M4: https://drive.google.com/file/d/1S1EnzUcSIlncCOXIW-y-UYZySpxnWtrK/view?usp=drivesdk
A5: 45969.701 | B5: Demak | C5: Demak - TPQ ALHADID | D5: ADELIA KHAIRA WILDA | E5: DEMAK | F5: 42037 | G5: ZAENAL ABIDIN | H5: JIJIN TURIASIH | I5: Perempuan | J5: https://drive.google.com/open?id=1x0WjMDp1vEONPYIFlWgEEhmV92TyO6i0 | K5: nakhilajihan@gmail.com | L5: EBTAQ25-01.114 | M5: https://drive.google.com/file/d/1EvjlRBAVrIAOWUp1uoIG7LEz7ATejl9R/view?usp=drivesdk
A6: 45969.707 | B6: Demak | C6: Demak - TPQ ALHADID | D6: Annisa faiha | E6: Demak | F6: 42841 | G6: Kholil Bisri | H6: Himmatul Ulliya | I6: Perempuan | J6: https://drive.google.com/open?id=17le2Igs59p_HTSCsAR3GNNJt2RIMSDCY | K6: faihaannisa632@gmail.com | L6: EBTAQ25-01.115 | M6: https://drive.google.com/file/d/1XjXJtEPl3B4Z5iGDIg75rMCNXz0i-1_f/view?usp=drivesdk
A7: 45969.71 | B7: Demak | C7: Demak - TPQ ALHADID | D7: octafia ayu rahmawati | E7: Demak | F7: 42307 | G7: purwadi | H7: saudah | I7: Perempuan | J7: https://drive.google.com/open?id=11JLbasjtEy0YNiuuHAGDR05kzL8r2mTs | K7: khusna8765@gmail.com | L7: EBTAQ25-01.116 | M7: https://drive.google.com/file/d/1sYSdtjmuBXfAU8eS9sDn2m_a-iJScwgf/view?usp=drivesdk
A8: 45969.713 | B8: Demak | C8: Demak - TPQ ALHADID | D8: AQILA QURROTU A'YUN | E8: Demak | F8: 42577 | G8: Sucipto | H8: Kholisoh | I8: Perempuan | J8: https://drive.google.com/open?id=1rW0U4BxDjbyOl2mhyPLhvdRdedM758eF | K8: suciptokarangmlati@gmail.com | L8: EBTAQ25-01.117 | M8: https://drive.google.com/file/d/1lud1iW1ZfaSG2vQU33r5nidI79TTuo11/view?usp=drivesdk
A9: 45969.714 | B9: Demak | C9: Demak - TPQ ALHADID | D9: Nurul Fauziyah Ramadhani | E9: Demak | F9: 41482 | G9: Muhidin | H9: Sri kumaidah | I9: Perempuan | J9: https://drive.google.com/open?id=1JNVvb5MHz_uR3Se5WpFia029sUNc5CvC | K9: fikriyahhd@gmail.com | L9: EBTAQ25-01.118 | M9: https://drive.google.com/file/d/1kd4F2IwGWQ2a0pKywjKyKjQDpOyfseEK/view?usp=drivesdk
A10: 45969.722 | B10: Demak | C10: Demak - TPQ ALHADID | D10: Aisya Faiha Maulidya | E10: Demak | F10: 42729 | G10: Masri | H10: Kasiroh | I10: Perempuan | J10: https://drive.google.com/open?id=1TWXX2Dc3Rz4kjWJ-tCJAgX26qkrP6gvh | K10: mawarmelati1503@gmail.com | L10: EBTAQ25-01.119 | M10: https://drive.google.com/file/d/15fXGhFlhRT0fllOpTzons26Mhuoo_NQz/view?usp=drivesdk
A11: 45972.006 | B11: Mranggen | C11: Mranggen - Darul qur'an | D11: AQILA RAISA AILANI MA'ARIF | E11: Semarang | F11: 41853 | G11: Khusnul Ma'arif | H11: Nur Khoiroh Wijayanti | I11: Perempuan | J11: https://drive.google.com/open?id=1kV7426-pZepQwruh-h4gakwsSJ1VIWc1 | K11: rmaghfiroh881@gmail.com | L11: EBTAQ25-06.002 | M11: https://drive.google.com/file/d/1gt_POAXQ21jIiShA8tSKzkmzmGd0Kr9g/view?usp=drivesdk
A12: 45972.036 | B12: Mranggen | C12: Mranggen - Darul qur'an | D12: Ahmad Fakhryl Mubarok | E12: Demak | F12: 41787 | G12: Anton Husni Mubarok | H12: Akmalia | I12: Laki-laki | J12: https://drive.google.com/open?id=1w25YpuRXIefDgcDRiGW1VWfusl3lFqcR | K12: zakiyazaa231@gmail.com | L12: EBTAQ25-06.003 | M12: https://drive.google.com/file/d/1Z8VAly-FHrt4-JIjrjnOWfb91tQRMS3H/view?usp=drivesdk
A13: 45972.041 | B13: Mranggen | C13: Mranggen - Darul qur'an | D13: Ayyash | E13: Semarang | F13: 42271 | G13: Dian Hadi Saputra | H13: May Kurniawati | I13: Laki-laki | J13: https://drive.google.com/open?id=1jOANmbzmyYjUM6tdjRiWi4fMqMz5vD3g | K13: dinakhulala12@gmail.com | L13: EBTAQ25-06.004 | M13: https://drive.google.com/file/d/18qA0XYpW8znmpl-jwf8kLxpd3vcgDhl7/view?usp=drivesdk
... A36: 45994.96 | B36: Karbon | C36: Karbon - TPQ MASITHOH 8 | D36: Shakila Dzahin Nicky Azzahra | E36: Demak | F36: 42604 | G36: Nicky Yulianto | H36: Mimin Afita Sari | I36: Perempuan | J36: https://drive.google.com/open?id=1IuqZK1MDvBF-QJCHXfghgBFiYEvoAWbP | K36: kusm17889@gmail.com | L36: EBTAQ25-05.007 | M36: https://drive.google.com/file/d/1RG0r7j_f1DRlXA34orDGNeYRKGuwmreQ/view?usp=drivesdk
A37: 45995.388 | B37: Karbon | C37: Karbon - TPQ Qurrotul 'Ain | D37: Alif Nur Zakiyyah Akhfi | E37: Demak | F37: 42109 | G37: Nur Sahid | H37: Arni Ardiyawati | I37: Perempuan | J37: https://drive.google.com/open?id=1Ny17lnfX-4BOT0H8C84w8ILdAaOKAhfk | K37: saefudin17629@gmail.com | L37: EBTAQ25-05.008
A38: 45995.46 | B38: BMW | C38: BMW - Roudhotus Syifa | D38: GEBRIEL JUNITA AZ-ZAHRA | E38: DEMAK | F38: 42532 | G38: ROMDHON | H38: NUR HAYATI | I38: Perempuan | J38: https://drive.google.com/open?id=1N4I-rJoRqYO6-z-q8FDA3RPsKlCAo8yZ | K38: mmaruf0139@gmail.com | L38: EBTAQ25-03.004 | M38: https://drive.google.com/file/d/1YZXmYgHoUXIlrQmAIm56xGbOsPn0RHZ8/view?usp=drivesdk
A39: 45995.467 | B39: BMW | C39: BMW - Roudhotus Syifa | D39: NELY LIZA LISTIANY | E39: DEMAK | F39: 42553 | G39: NUR KHOLIS | H39: NUR AZIZAH | I39: Perempuan | J39: https://drive.google.com/open?id=1fTj32WcxxeyU5nhWY4a-9X_-EaZHo-pP | K39: mm5926704@gmail.com | L39: EBTAQ25-03.005 | M39: https://drive.google.com/file/d/1DhGseUBDz8r54aw6wcyydwSL3BTLCH8x/view?usp=drivesdk
A40: 45995.532 | B40: Karbon | C40: Karbon - TPQ Nahdlotul Qur'an | D40: RARA TRI APRILIANA | E40: DEMAK | F40: 42109 | G40: RAKIMIN | H40: ROMLAH | I40: Perempuan | J40: https://drive.google.com/open?id=1sdEp7nkHPIHNea7-o8dNU9j0J6t_RvVp | K40: nahdlotulqurantpq1@gmail.com | L40: EBTAQ25-05.009
A41: 45995.542 | B41: Karbon | C41: Karbon - TPQ Nahdlotul Qur'an | D41: naura latisha aquina | E41: demak | F41: 42349 | G41: ahmad saefudin | H41: ropiah | I41: Perempuan | J41: https://drive.google.com/open?id=1b7iLYDeTO2_GAwCfNxeuWQ4j5H8DrQ6f | K41: ainamoena406@gmail.com | L41: EBTAQ25-05.010
A42: 45995.548 | B42: Karbon | C42: Karbon - TPQ Nahdlotul Qur'an | D42: NABILA NAILU ZAKIYYATUL MUNA | E42: DEMAK | F42: 42330 | G42: MUHAMAD KOERI | H42: ROMLAH | I42: Perempuan | J42: https://drive.google.com/open?id=1J6hgh25lrq6QxILNjyQ0YHMzEyONzlLz | K42: tpqnahdzathulquran@gmail.com | L42: EBTAQ25-05.011
A43: 45995.552 | B43: Karbon | C43: Karbon - TPQ Nahdlotul Qur'an | D43: DANISHA NAIRA NAJMI | E43: DEMAK | F43: 42546 | G43: MOH AGUS SALIM | H43: NURUL KHOIRIYAH | I43: Perempuan | J43: https://drive.google.com/open?id=1f7BauV_HURJdeOaOy528B_BsEqCXVuVk | K43: shivaalizzah@gmail.com | L43: EBTAQ25-05.012
A44: 45995.556 | B44: Karbon | C44: Karbon - TPQ Nahdlotul Qur'an | D44: TALITHA MUTIA AZZAHRA | E44: DEMAK | F44: 42668 | G44: AKHID IRIADI | H44: IKA SILVIA MARTANIA | I44: Perempuan | J44: https://drive.google.com/open?id=1ScalFEZn28SCwSvF1URw2lzAg2dTrZcW | K44: drah16022@gmail.com | L44: EBTAQ25-05.013
A45: 45995.682 | B45: Karbon | C45: Karbon - TPQ Nahdlotul Qur'an | D45: KHOIRUNNISA SALSABILA | E45: SEMARANG | F45: 42393 | G45: MIFTAHUL HUDA | H45: AINUL MAFROKAH | I45: Perempuan | J45: https://drive.google.com/open?id=15osqENtLHUOcWDqiYr-GyV9HvWcOgpFL | K45: farikahica@gmail.com | L45: EBTAQ25-05.014
A46: 45996.636 | B46: Demak | C46: SDIT KOTAWALI | D46: FATIMATUZ ZAHRA ADNAN | E46: SEMARANG | F46: 41794 | G46: AHMAD ADNAN | H46: UCI NOVIATI | I46: Perempuan | J46: https://drive.google.com/open?id=19tCLQWzxYlOb3-WPS90V1hNJ0Hq1rBlO | K46: salwaazzlea@gmail.com | L46: EBTAQ25-01.130 | M46: https://drive.google.com/file/d/14Nv3YO6iRspLKQg4h1unQeYheO1cExyR/view?usp=drivesdk
A47: 45997.351 | B47: Karbon | C47: Karbon - TPQ Masithoh II | D47: Muhammad Danish Arkana | E47: Pekalongan | F47: 42133 | G47: Muhamad Rofiq | H47: Tri Umiati | I47: Laki-laki | J47: https://drive.google.com/open?id=1eZ7LPhPCfn0H3eIXC19-y6wrBpmN9vqK | K47: uswatunkhasanahh286@gmail.com | L47: EBTAQ25-05.015
A48: 45998.482 | B48: Demak | C48: Karbon - TPQ Qurrotul 'Ain | D48: Sabrina aqila rahma | E48: Demak | F48: 42114 | G48: Khoirul latif | H48: Lukluatul khadziroh | I48: Perempuan | J48: https://drive.google.com/open?id=1EursjyoKVsOOdaX7_nmRhOD_sLJ_Xqpf | K48: aqilafifi1508@gmail.com | L48: EBTAQ25-01.131 | M48: https://drive.google.com/file/d/1duWKV1kvFWgFCWKHuZDEt35jKOtxj-wr/view?usp=drivesdk
A49: 45998.488 | B49: Karbon | C49: Karbon - TPQ Qurrotul 'Ain | D49: Maulida Naila nabila | E49: Demak,12 Desember 2016 | F49: 42716 | G49: Muhammad mashuri | H49: Amin munzainah | I49: Perempuan | J49: https://drive.google.com/open?id=1lXJ91qEoINauEsJBwCjp9JHhk5opuCoa | K49: maulidanailanabila@gmail.com | L49: EBTAQ25-05.016
A50: 45998.495 | B50: Karbon | C50: Karbon - TPQ Qurrotul 'Ain | D50: Kiandra Aqila Hatmiko | E50: Semarang | F50: 41811 | G50: Anjar tri hatmiko | H50: Retno murdianingrum | I50: Perempuan | J50: https://drive.google.com/open?id=1Z73nzZVBDsXoeelvZ2Obqnt6XdhGo7pk | K50: anjarhatmiko@gmail.com | L50: EBTAQ25-05.017
A51: 45998.554 | B51: Karbon | C51: Karbon - TPQ Qurrotul 'Ain | D51: Maylani Ananda Putri | E51: Demak | F51: 42129 | G51: Fendy Agus Riyanto | H51: Iatikomah | I51: Perempuan | J51: https://drive.google.com/open?id=1KZ3BdpHkZJ91SxoNy2OxucX875ogiOMT | K51: islanisti@gmail.com | L51: EBTAQ25-05.018
A52: 45998.557 | B52: Demak | C52: Karbon - TPQ Qurrotul 'Ain | D52: ANA NAFISATUZZAHRO | E52: SEMARANG | F52: 42354 | G52: KARTONO | H52: NURUL HIKMAH | I52: Perempuan | J52: https://drive.google.com/open?id=1RmOfQW2PGka_V6WNPufdkcdoh--62LC- | K52: nnurulhikmah66@gmail.com | L52: EBTAQ25-01.132 | M52: https://drive.google.com/file/d/1PO8E7oS2ehB8cYadjZVFLTgXGjGQI0Rk/view?usp=drivesdk
A53: 45998.581 | B53: Demak | C53: Karbon - TPQ Qurrotul 'Ain | D53: Ahmad Muiz Halim | E53: Demak | F53: 42259 | G53: Sutiyono | H53: Novita Murtiyani | I53: Laki-laki | J53: https://drive.google.com/open?id=1GVSfUtAd-VG7N2w11azVOuPqlJ_pNFuw | K53: sutiyono181196@gmail.com | L53: EBTAQ25-01.133 | M53: https://drive.google.com/file/d/1DTrIoNS5cMoRVmaf0qupTwwlTE7YxG0M/view?usp=drivesdk
A54: 45998.64 | B54: Demak | C54: Karbon - TPQ Qurrotul 'Ain | D54: Ahmad Muiz halim | E54: Demak | F54: 42259 | G54: Sutiyono | H54: Novitamurtiyani | I54: Laki-laki | J54: https://drive.google.com/open?id=1oQsAvkXWCUF9n6b2_aeH4kFyF8shv37- | K54: ahmadmuishalim@gmail.com | L54: EBTAQ25-01.134 | M54: https://drive.google.com/file/d/16q53V4Laz3VSZSD_KyTHH57gFohSyxWP/view?usp=drivesdk
A55: 45998.649 | B55: Demak | C55: Karbon - TPQ Qurrotul 'Ain | D55: ahmad muiz halim | E55: DEMAK | F55: 42347 | G55: sutiyono | H55: novita murtiyani | I55: Laki-laki | J55: https://drive.google.com/open?id=14E5FgdJRCNN0IW5-JZpQBrIEikxE3YJ1 | K55: putraares16@gmail.com | L55: EBTAQ25-01.135 | M55: https://drive.google.com/file/d/1kprFT6bfGHlELBKpdd_wHDR2CaFUqKvH/view?usp=drivesdk
A56: 45998.668 | B56: Demak | C56: Karbon - TPQ Qurrotul 'Ain | D56: Ahmad muiz halim | E56: Demak | F56: 42347 | G56: Sutiyono | H56: Murtiyani | I56: Laki-laki | J56: https://drive.google.com/open?id=1lIcEYP_y7vtj35IiBeu0Avjean_3jfWO | K56: nunkciiu@gmail.com | L56: EBTAQ25-01.136 | M56: https://drive.google.com/file/d/1d2D3VZ5cR9VXYEmbLc3AhLPyv0yomnPB/view?usp=drivesdk
A57: 45998.671 | B57: Demak | C57: Karbon - TPQ Qurrotul 'Ain | D57: Muhammad Revan Putra pambudi | E57: Demak | F57: 42217 | G57: Galuh eka pambudi | H57: Sumi kastutik | I57: Laki-laki | J57: https://drive.google.com/open?id=12S2kwR_D4ywJtsZGWeVh4sFmp_StkTPu | K57: revanpamudi@gmail.com | L57: EBTAQ25-01.137 | M57: https://drive.google.com/file/d/15bukjPSIKhtn074THOHOpcBmOU0pC7KY/view?usp=drivesdk
A58: 45998.693 | B58: Demak | C58: Dewoka - Nuzulur Rohmah | D58: Syaffira Maharani Putri Fie | E58: Demak | F58: 41692 | G58: Fahruddin Lutfiei | H58: Eka Prasetya Ningrum | I58: Perempuan | J58: https://drive.google.com/open?id=1sK6HeLqWPPg_hDzXX8TStXEgzC_J0OtB | K58: defatimah8@gmail.com | L58: EBTAQ25-01.138 | M58: https://drive.google.com/file/d/14jQTZGNIoxylLqXsorOx9I5LHpoFAl3e/view?usp=drivesdk
A59: 45998.742 | B59: Karbon | C59: Karbon - TPQ Qurrotul 'Ain | D59: RAFA AHMAD ANSHORI | E59: Semarang | F59: 42628 | G59: A. KHARIS MUKTAFI | H59: ANNI FARICHAH | I59: Laki-laki | J59: https://drive.google.com/open?id=1pOsKMAA76XvfpEVBXDNLQ8i4PUMEGwjQ | K59: rafakaka369@gmail.com | L59: EBTAQ25-05.019
A60: 45998.743 | B60: Karbon | C60: Karbon - TPQ Qurrotul 'Ain | D60: Alif nur zakiyyah akhfi | E60: Demak | F60: 42108 | G60: Nur sahid | H60: Arni ardiyawati | I60: Perempuan | J60: https://drive.google.com/open?id=1JYaLZxWPQGhq2uzPz2Xkuujdbg3s7QwV | K60: sahidn688@gmail.com | L60: EBTAQ25-05.020
A61: 45998.761 | B61: Karbon | C61: Karbon - Hidayatul Mubtadi'in | D61: DIAS WAHYU PRATAMA | E61: Demak | F61: 40836 | G61: Muhamad Nasi'in | H61: Rondiyah | I61: Laki-laki | J61: https://drive.google.com/open?id=1E0fThNgGcTVzGkiYXgSDjtsMTaiijxAO | K61: dito.cahsmc04@gmail.com | L61: EBTAQ25-05.021
A62: 45998.795 | B62: Karbon | C62: Karbon - TPQ Qurrotul 'Ain | D62: Muhammad Khalid Sutarji | E62: Demak | F62: 41588 | G62: Sutarji | H62: Novrida Ningsih Simangunsong | I62: Laki-laki | J62: https://drive.google.com/open?id=1FhWJy2sxBunzCyAWQEWREA6v6ALf73JP | K62: bputriaf@gmail.com | L62: EBTAQ25-05.022
A63: 45998.826 | B63: Karbon | C63: Karbon - TPQ Qurrotul 'Ain | D63: Rafi Ahmad Anshori | E63: Semarang | F63: 42629 | G63: A. Kharis Muktafi | H63: Anni Farichah | I63: Laki-laki | J63: https://drive.google.com/open?id=1cHoPZvGcYBL4SuoKcoGMiXDGZ-46Thgo | K63: rafidede369@gmail.com | L63: EBTAQ25-05.023
A64: 45998.852 | B64: Karbon | C64: Karbon - TPQ Qurrotul 'Ain | D64: Muhammad Zidan Alfarisi | E64: Semarang | F64: 42334 | G64: Saiful Amri | H64: Maftukah | I64: Laki-laki | J64: https://drive.google.com/open?id=16ATLLsdFV7EGPJqNlMV2ejRLfBkT65_D | K64: maftukahmaftukah750@gmail.com | L64: EBTAQ25-05.024
A65: 45998.893 | B65: Karbon | C65: Karbon - TPQ Qurrotul 'Ain | D65: Muhammad Zidan Alfarisi | E65: Semarang | F65: 42334 | G65: Saiful Amri | H65: Maftukah | I65: Laki-laki | J65: https://drive.google.com/open?id=1AlDt9UVWXT0HsGIrAGBrLDKIExqgKZX0 | K65: sayfuluciha@gmail.com | L65: EBTAQ25-05.025
A66: 45999.208 | B66: Demak | C66: Demak - TPQ KH ALJAZERI | D66: Zidnatul ilma | E66: Mlaten, karang melati, kec. Demak, kab. Semakin | F66: 42162 | G66: Hadi mahmudi | H66: Siti azizah | I66: Perempuan | J66: https://drive.google.com/open?id=1dyGM06YqSkXm9kVYE3yx83iJ5QNzesKx | K66: sa6627241@gmail.com | L66: EBTAQ25-01.139 | M66: https://drive.google.com/file/d/1IXwBZI99q9Ydgem9QzT__Uy8GtLVLtO5/view?usp=drivesdk
A67: 45999.227 | B67: Dewoka | C67: Dewoka - Nuzulur Rohmah | D67: Roisatut Dzawin Najah | E67: Pati | F67: 42269 | G67: Mohammad Shodiqin | H67: Siti Aminah | I67: Perempuan | J67: https://drive.google.com/open?id=1fjNxsrf9W7fYUvRpAigsHGf_U1kBjS3X | K67: fatkhurrokhim150@gmail.com | L67: EBTAQ25-03.139
A68: 45999.232 | B68: BMW | C68: BMW - Matholiul Falah | D68: Nur Alifah | E68: Demak | F68: 42318 | G68: Abu rozin | H68: Nur hidayah | I68: Perempuan | J68: https://drive.google.com/open?id=1b-EkNdMS0my60PkWXyCtM8EB8nRmb2ux | K68: fitrinada123@gmail.com | L68: EBTAQ25-03.006 | M68: https://drive.google.com/file/d/1z9CRczk6X-5xmflZmSDZmACM7ovFdclX/view?usp=drivesdk
A69: 45999.268 | B69: BMW | C69: BMW - Matholiul Falah | D69: Asaa Najma Azzahra | E69: Demak | F69: 42312 | G69: Ahmad Muhajir | H69: Musokhikah | I69: Perempuan | J69: https://drive.google.com/open?id=1-JlOBkhsUxG-7ImEr68jtIx3WRFUWzE9 | K69: istifaizah069@gmail.com | L69: EBTAQ25-03.007 | M69: https://drive.google.com/file/d/1zVHCpf7hCF1zawQMUuDp2eiYApv0aJ89/view?usp=drivesdk
A70: 45999.286 | B70: BMW | C70: BMW - Matholiul Falah | D70: Reva Dwi Rahmadhani | E70: Kudus | F70: 42191 | G70: Nur cipto | H70: Nur ismah | I70: Perempuan | J70: https://drive.google.com/open?id=194j5bxf8hHvd58MQybD5WjOwGInexIEl | K70: adamintanpuput@gmail.com | L70: EBTAQ25-03.008 | M70: https://drive.google.com/file/d/1dDIoKvzN_f43pjEfi6KxLn0omD4PRiLe/view?usp=drivesdk
A71: 45999.289 | B71: Demak | C71: Demak - TPQ KH ALJAZERI | D71: ARSYA MAULANA FIRMANSYAH | E71: DEMAK | F71: 42022 | G71: MEN KARSIMAN | H71: ZAKHIYAH SYAFITRI | I71: Laki-laki | J71: https://drive.google.com/open?id=1ZlGNkOiVxAQSBR6l42nD-P2b9zftDtG2 | K71: arsyamaulana782@gmail.com | L71: EBTAQ25-01.140 | M71: https://drive.google.com/file/d/12IHTULbYcsC76cWMsEuoO6MQjLvxIcN3/view?usp=drivesdk
A72: 45999.312 | B72: BMW | C72: BMW - Al Khoiriyah | D72: ALFIAH JULIANTI | E72: DEMAK | F72: 41826 | G72: ACHSANU ROHIM | H72: DEWI KHUSAEMAH | I72: Perempuan | J72: https://drive.google.com/open?id=1psFhggJNjW0Q06-AS_03545oWNwba2eD | K72: aryfin@gmail.com | L72: EBTAQ25-03.009 | M72: https://drive.google.com/file/d/1tYqDdTv8EqNUN0WZnu_2Epzf1tel6Eko/view?usp=drivesdk
A73: 45999.32 | B73: BMW | C73: BMW - Al Khoiriyah | D73: NUFIKHO SOFARA KHOIRIYAH | E73: DEMAK | F73: 41995 | G73: ACHMAD SIFULFAZI | H73: LAIKHATUN | I73: Perempuan | J73: https://drive.google.com/open?id=1s3LFdyMeqFalnRmaui5QMwT40phv-BJm | K73: andarunawa@gmail.com | L73: EBTAQ25-03.010 | M73: https://drive.google.com/file/d/1Q7S0_V5biKLuwb1gcwjgfACk3ZJm-nuE/view?usp=drivesdk
A74: 45999.323 | B74: Demak | C74: Demak - TPQ KH ALJAZERI | D74: MURNI ASIH ARDIANTI | E74: Demak | F74: 41644 | G74: Zaenal Sodikin | H74: Dewi Ratnawati | I74: Perempuan | J74: https://drive.google.com/open?id=1kP52y2Rm7ZGrAQVe9fX6z0qCNskgdVEC | K74: dewiratnawati123@gmail.com | L74: EBTAQ25-01.141 | M74: https://drive.google.com/file/d/1emSs0Wb-vszNXcXUTm7_Nm5uuZ0C2W9A/view?usp=drivesdk
A75: 45999.328 | B75: Karbon | C75: Karbon- Darussalam | D75: MUHAMMAD DANISH BAYHAQI | E75: DEMAK | F75: 42069 | G75: HERU PRASETIO | H75: ENI SUSILOWATI | I75: Laki-laki | J75: https://drive.google.com/open?id=1xq6-KrEMMLVtaP7VGdOphzl6VRW8AS_w | K75: sitiaisyahrodie@gmail.com | L75: EBTAQ25-05.026
A76: 45999.343 | B76: Demak | C76: Demak - TPQ KH ALJAZERI | D76: Kamilatun Ni'mah | E76: Demak | F76: 42367 | G76: Nur Alex | H76: Romi Zuli astuti | I76: Perempuan | J76: https://drive.google.com/open?id=1UtVdy_RjMIhep5DDkvzLWLhsmyIAbNsL | K76: nura52760@gmail.com | L76: EBTAQ25-01.142 | M76: https://drive.google.com/file/d/1g-3eOYAH1AGZPHfctQq0PPRTmCge4lsA/view?usp=drivesdk
A77: 45999.347 | B77: Dewoka | C77: Dewoka - Nurul Qur'an | D77: M. FAIZAL FADHIL | E77: DEMAK | F77: 41633 | G77: MASRUKIN | H77: KASNI | I77: Laki-laki | J77: https://drive.google.com/open?id=1DuN6bIsbuOiOuR1ATblM_dNgkdF3_jLy | K77: alimasrury58@gmail.com | L77: EBTAQ25-03.106
A78: 45999.351 | B78: Dewoka | C78: Dewoka - Nurul Qur'an | D78: CINTYA FEBRIYANA SAPUTRI | E78: DEMAK | F78: 40962 | G78: AHMAD YASIN | H78: SITI SUPRIYATI | I78: Perempuan | J78: https://drive.google.com/open?id=14pqDV13WIuvBrYa7A0CbccGzFQL2Mp1R | K78: tpqnurulquran86@gmail.com | L78: EBTAQ25-03.107
A79: 45999.354 | B79: Karbon | C79: Karbon - TPQ Darussalam | D79: MUHAMMAD LABIB ALI MURTADHO | E79: DEMAK | F79: 42095 | G79: SUDIRMAN | H79: ARIFATUL KHOIRIYAH | I79: Laki-laki | J79: https://drive.google.com/open?id=1aI69pndUZux8CwDJQVcz5ZtFAQi4_bT- | K79: bilqis020425@gmail.com | L79: EBTAQ25-05.027
A80: 45999.359 | B80: Dewoka | C80: Dewoka - Nurul Qur'an | D80: GITHA AZALIA | E80: DEMAK | F80: 41907 | G80: MAHMUDI | H80: LIA KRISTIYANTI | I80: Perempuan | J80: https://drive.google.com/open?id=1WzteGUUDy3K7Kh7fBgAO8Am3_wKosKnz | K80: azrildmk908@gmail.com | L80: EBTAQ25-03.108
A81: 45999.361 | B81: Dewoka | C81: Dewoka - Nurul Qur'an | D81: AISYA IZZATUL ALISA | E81: DEMAK | F81: 41674 | G81: MOHAMAD ZAINAL ABIDIN | H81: SITI RUMIYATI | I81: Perempuan | J81: https://drive.google.com/open?id=1J29laIM0JiLBc8SqJgIInKanMKUsWC-U | K81: ilyasaahmad485@gmail.com | L81: EBTAQ25-03.109
A82: 45999.363 | B82: Dewoka | C82: Dewoka - Nurul Qur'an | D82: SYIFA ELYSIA DARAPUSPITA | E82: DEMAK | F82: 41481 | G82: SUSILO | H82: ENDANG DWI SUNARTI | I82: Perempuan | J82: https://drive.google.com/open?id=1WsQuosg1RaN-iN512pZRH5a7A3cRrauc | K82: bloggerpemula359@gmail.com | L82: EBTAQ25-03.110
A83: 45999.364 | B83: Dewoka | C83: Dewoka - Nurul Qur'an | D83: ELISSA WILDA FATMA | E83: DEMAK | F83: 41783 | G83: MAULUDI | H83: ANIS | I83: Perempuan | J83: https://drive.google.com/open?id=1AV8wU-YNe_yGftD8P5wsiJAyykQ5iRLO | K83: atasbawah604@gmail.com | L83: EBTAQ25-03.111
A84: 45999.368 | B84: Karbon | C84: Karbon - TPQ Darussalam | D84: MUHAMMAD ROBITH AZAMI | E84: Demak | F84: 41750 | G84: Ismail | H84: Siti Asrofatunnihayah | I84: Laki-laki | J84: https://drive.google.com/open?id=1mkmjQL_YPptkRE3hNw4ehb8QdoHrJy5p | K84: malikrohmah0@gmail.com | L84: EBTAQ25-05.028
A85: 45999.375 | B85: BMW | C85: BMW - Matholiul Falah | D85: Indah fadhilah | E85: Demak | F85: 42542 | G85: Nur Rohman | H85: Nazidatul ula | I85: Perempuan | J85: https://drive.google.com/open?id=1p-87wUAweFz5djzE2NGcW9_WcQULwH6t | K85: aqsolamri42@gmail.com | L85: EBTAQ25-03.011 | M85: https://drive.google.com/file/d/1NbX6Tlzaihu3k_UpWRg_8KklRm0ONtYd/view?usp=drivesdk
A86: 45999.375 | B86: BMW | C86: BMW - Matholiul Falah | D86: Indah fadhilah | E86: Demak | F86: 42542 | G86: Nur rohman | H86: Nazidatul ula | I86: Perempuan | J86: https://drive.google.com/open?id=1fjnLwl7zpSjF3dSoFHhtmPVmJLK07gAh | K86: ahmadkarim2148@gmail.com | L86: EBTAQ25-03.012 | M86: https://drive.google.com/file/d/1xuj1HhYsAZrJ2PolUk50qChSzoagT21m/view?usp=drivesdk
A87: 45999.389 | B87: Dewoka | C87: Dewoka - Nurus Shibyan | D87: Ahmad Ilham Nurul Fajar | E87: Demak | F87: 42043 | G87: Nurul Dholam | H87: Anisatuz Zahro | I87: Laki-laki | J87: https://drive.google.com/open?id=1FiF3M-8WVtIfL6AGStRP7BZ-LKca63R1 | K87: rizkyaml334@gmail.com | L87: EBTAQ25-03.112
A88: 45999.423 | B88: Demak | C88: Karbon - Hidayatul Mubtadi'in | D88: MUHAMMAD TAUFIQ ALANSYAH | E88: JAKARTA | F88: 40393 | G88: NURHADI | H88: CICI MEININGSIH | I88: Laki-laki | J88: https://drive.google.com/open?id=1f2z06ZFSyxfm_E9nDGHGfKUhpzgPTpgk | K88: alansyah2527@gmail.com | L88: EBTAQ25-01.143 | M88: https://drive.google.com/file/d/1CkBWbBgvzZQ2yKS-6uMCYiHBq-d0qXAX/view?usp=drivesdk
A89: 45999.423 | B89: Demak | C89: Demak - TPQ KH ALJAZERI | D89: Wakhidatunnailissaadah | E89: Krajan mangunjiwan 02 04 | F89: 42501 | G89: Mad soleh | H89: Siti kholifah | I89: Perempuan | J89: https://drive.google.com/open?id=188LySejn2nonP8yXnS7kCg4ra4DoxsYv | K89: lisaadah458@gmail.com | L89: EBTAQ25-01.144 | M89: https://drive.google.com/file/d/1NoYtufkoNRXvUGCMVqEGiw0omjIz6GEb/view?usp=drivesdk
A90: 45999.431 | B90: Mranggen | C90: BMW - Hidayatul Mubtadiin | D90: IBNU ASSYFA' | E90: Grobogan | F90: 40488 | G90: EDY SUSANTO | H90: NUR CHAMIDAH | I90: Laki-laki | J90: https://drive.google.com/open?id=1zJxeD9iN9seXb_L27garPAey51BnnRwZ | K90: chamidahnur589@gmail.com | L90: EBTAQ25-06.008 | M90: https://drive.google.com/file/d/1OuRHfr08yQqGmPH4BV7mUAZ_47xJZGxO/view?usp=drivesdk
A91: 45999.434 | B91: Karbon | C91: Karbon - TPQ Asnawiyah | D91: AELUL NAJLA | E91: GROBOGAN | F91: 40671 | G91: MAT RIFA'I | H91: SITI AMINI | I91: Perempuan | J91: https://drive.google.com/open?id=1JE8mIh0cGpD0DhKj4vpj6aARI95OqJPY | K91: sindianinadia@gmail.com | L91: EBTAQ25-05.029
A92: 45999.439 | B92: Dewoka | C92: Dewoka - Roudlotul Muta'allimin | D92: Muhammad Muwafiq | E92: Demak | F92: 43233 | G92: Rohmanto | H92: Zahrotul ummah | I92: Laki-laki | J92: https://drive.google.com/open?id=1Mv4i0UoSZcVnknwgkMTt1DAvSDZaKQTi | K92: zahrotulummah5@gmail.com | L92: EBTAQ25-03.113
A93: 45999.458 | B93: Karbon | C93: Karbon - TPQ Asnawiyah | D93: ARINI KARTIKA PUTRI | E93: GROBOGAN | F93: 40505 | G93: SAWIDI | H93: SULISTYOWATI | I93: Laki-laki, Perempuan | J93: https://drive.google.com/open?id=1-aglZ5zUK6B09y6R7-hE-K_k8DG9BqS5 | K93: finaidamatussilmi207@gmail.com | L93: EBTAQ25-05.030
A94: 45999.47 | B94: Dewoka | C94: Dewoka - Roudlotul Muta'allimin | D94: Zafira Ayunda Rahmadani | E94: Demak | F94: 43587 | G94: Dany Yuliantoko | H94: Ayu Dya Safitri | I94: Perempuan | J94: https://drive.google.com/open?id=1-GtHLQMJpr-K1oJW_SXclPMmbXXYi-jK | K94: ayudya67@gmail.com | L94: EBTAQ25-03.114
A95: 45999.485 | B95: Demak | C95: Demak - TPQ KH ALJAZERI | D95: Arsya pradipta kurniawan | E95: Demak | F95: 42774 | G95: Ganda kurniawan | H95: Nurul ulfa kartika bintarum | I95: Laki-laki | J95: https://drive.google.com/open?id=1S9itZYo6XSJP8cAl3eLy7ahkuJw1QHqN | K95: nurululfabintarum@gmail.com | L95: EBTAQ25-01.145 | M95: https://drive.google.com/file/d/1JeTSfIoT2Bu8fbTVducfIgtAfmr10xQ5/view?usp=drivesdk
A96: 45999.493 | B96: Dewoka | C96: Dewoka - Roudlotul Muta'allimin | D96: Alma Putri Hanifa | E96: Demak | F96: 43543 | G96: Achmad Sodiq | H96: Nurul Umah | I96: Perempuan | J96: https://drive.google.com/open?id=1sgYIqcVhXv5Gx01W1o8jxjsMHveG6_Cm | K96: umahnurul635@gmail.com | L96: EBTAQ25-03.115
A97: 45999.5 | B97: Dewoka | C97: Dewoka - Roudlotul Muta'allimin | D97: ADILA KEISHA FATHIYYATURAHMA | E97: DEMAK | F97: 43663 | G97: AHMAD ROFIK | H97: MASRUROH | I97: Perempuan | J97: https://drive.google.com/open?id=15rkxskjSSz2NXTeNdUa9TKNTwVqBehWa | K97: masruroh.adliadila0806@gmail.com | L97: EBTAQ25-03.116
A98: 45999.504 | B98: Demak | C98: Demak - TPQ BUQ | D98: MUHAMMAD FAHRIZ SETIAWAN | E98: DEMAK | F98: 41405 | G98: ZUHDI SETIAWAN ( ALMARHUM) | H98: NUR YANAH | I98: Laki-laki | J98: https://drive.google.com/open?id=1KQuO5b8LJslak9xPO8NLAwAtFV3OIQfx | K98: aalsa5551@gmail.com | L98: EBTAQ25-01.146 | M98: https://drive.google.com/file/d/18fhfPVEKzt-7NNZAcz00ExkCsVDMavRC/view?usp=drivesdk
A99: 45999.509 | B99: Demak | C99: Tpq Raudlatul muta'allimin | D99: Muhammad khoirul azam | E99: Demak | F99: 43448 | G99: Subakir | H99: Kusrini | I99: Laki-laki | J99: https://drive.google.com/open?id=1UTslcn3OyPqC4-G7Ke2WjORM43S3M58- | K99: kusrini1522@gmail.com | L99: EBTAQ25-01.147 | M99: https://drive.google.com/file/d/1i3dolt8FHQwFzMWIJsHijpnr_Ys1ZxfI/view?usp=drivesdk
A100: 45999.523 | B100: Demak | C100: SDS IT AZZAHRA DEMAK | D100: MASAYU REGINA RAHMAH | E100: Demak | F100: 41951 | G100: Achmat Munif | H100: Istiqomah | I100: Perempuan | J100: https://drive.google.com/open?id=1iDGuMOJoCZzFnl9NZiwe4w058dODbVqN | K100: fikianatul85@gmail.com | L100: EBTAQ25-01.148 | M100: https://drive.google.com/file/d/1ZSXqU6vxNag-BNj3AAUQtn7mzKYPQ0Ny/view?usp=drivesdk
A101: 45999.528 | B101: Karbon | C101: Karbon - Hidayatul Mubtadi'in | D101: FABIAN SATYA AJI NUGRAHA | E101: DEMAK | F101: 40593 | G101: BUDI UTOMO | H101: ETI YUNIA APITASARI | I101: Laki-laki | J101: https://drive.google.com/open?id=1XJd3VVyk8QxGnJMeU9hqWR1103vycfpc | K101: budiutomo57terus@gmail.com | L101: EBTAQ25-05.031
A102: 45999.559 | B102: Demak | C102: Demak - TPQ KH ALJAZERI | D102: Fadhil Yaqdan Nasrullah | E102: Demak | F102: 41756 | G102: Faizal Riza | H102: Nur Hasanah | I102: Laki-laki | J102: https://drive.google.com/open?id=1YoB_LfvFSJkdRfIgNvEHJrJ82JJVtzLq | K102: fadhilyaqdan193@gmail.com | L102: EBTAQ25-01.149 | M102: https://drive.google.com/file/d/1M92y7cSXlms9YYiXePQQBplnBiWpgOZP/view?usp=drivesdk
A103: 45999.561 | B103: Demak | C103: SDS IT AZZAHRA DEMAK | D103: ALESYA FATIM GHINARA | E103: DEMAK | F103: 42489 | G103: SURYO HADI WIBOWO | H103: DHUROHMAH | I103: Perempuan | J103: https://drive.google.com/open?id=1aA0qlxUCYTueZZSSKLcZHWrcO8eknZSY | K103: ziyadah.kunyik@gmail.com | L103: EBTAQ25-01.150 | M103: https://drive.google.com/file/d/14Go4fTBTqrN3sJF1t0fq4D2U1KhRgpua/view?usp=drivesdk
A104: 45999.564 | B104: Demak | C104: SDS IT AZZAHRA DEMAK | D104: ELVIRA ZAHWA ALESHA | E104: KUDUS | F104: 42382 | G104: ROIS ALI SYAHBANA | H104: LILIK MUSTAKFIROH | I104: Perempuan | J104: https://drive.google.com/open?id=1gPOJCOuwVVOrMQGPpLhV2Cba2Nyb-mam | K104: yayasanazzahrademak01@gmail.com | L104: EBTAQ25-01.151 | M104: https://drive.google.com/file/d/1_tiW0fHkk5MlTbxPfg66umBokEwoZP3q/view?usp=drivesdk
A105: 45999.568 | B105: Demak | C105: SDS IT AZZAHRA DEMAK | D105: ALYA APRIANA | E105: DEMAK | F105: 41019 | G105: DIDIK HARYANTO | H105: HARDbANTI SETIYO UTAMI | I105: Perempuan | J105: https://drive.google.com/open?id=1nmSTzMOPJ44ihLrZxIRF_IZH92i4-LBk | K105: yayasanazzahrademak02@gmail.com | L105: EBTAQ25-01.152 | M105: https://drive.google.com/file/d/17rWNyB45wcf_W7ybeJ8LJQCFPQT12Xrb/view?usp=drivesdk
A106: 45999.569 | B106: Karangga | C106: Karangga - Darul Hikam | D106: Ahmad anshori lubiz | E106: Demak | F106: 42281 | G106: Abdul Latif | H106: Farisatul muna | I106: Laki-laki | J106: https://drive.google.com/open?id=1WS21q1XEXuQ4H7Oqa4KS_Dk5fyaskRON | K106: ernawatiernawati2026@gmail.com | L106: EBTAQ25-04.001
A107: 45999.583 | B107: Demak | C107: SDS IT AZZAHRA DEMAK | D107: DANESH RAFASYA | E107: DEMAK | F107: 42161 | G107: CIPTO LEGOWO | H107: ERNA TRI PUJIASTUTI | I107: Perempuan | J107: https://drive.google.com/open?id=1BYanQ6byneB71NGnFyyfhABnxalIDwiS | K107: yayasanazzahrademak04@gmail.com | L107: EBTAQ25-01.153 | M107: https://drive.google.com/file/d/1lm7G6G0V-aMxLKnGbSeW2X4A_jqH-iOM/view?usp=drivesdk
A108: 45999.586 | B108: Demak | C108: SDS IT AZZAHRA DEMAK | D108: NABILA INDAH PERMATA | E108: DEMAK | F108: 41601 | G108: SUBARI | H108: NUR KHASANAH | I108: Perempuan | J108: https://drive.google.com/open?id=1UVzijFz4lEmIvBtcNJe6OIS5gcMBpGHv | K108: yayasanazzahrademak05@gmail.com | L108: EBTAQ25-01.154 | M108: https://drive.google.com/file/d/1DWZFOXTZAqDplh3IJnCE_0acd3Zg6KoV/view?usp=drivesdk
A109: 45999.589 | B109: Karangga | C109: Karangga - Darul Hikam | D109: Ahmad Syariful Hikam | E109: Wonorejo karang anyar Demak | F109: 42837 | G109: Kusmi'an | H109: Isa murniasih | I109: Laki-laki | J109: https://drive.google.com/open?id=1342vwLcyzMpIzUrphViCK0gn_cHiZeu6 | K109: syarifulhikam618@gmail.com | L109: EBTAQ25-04.002
A110: 45999.595 | B110: Demak | C110: SDS IT AZZAHRA DEMAK | D110: HAMDA SAKHIA ABDILLAH | E110: DEMAK | F110: 41616 | G110: RIF'AAN ABDILLAH | H110: NUR HASANAH | I110: Perempuan | J110: https://drive.google.com/open?id=17H8BpI3I7PNYOOKVpWbna3Aj94TINIQ2 | K110: sadiyah44@admin.sd.belajar.id | L110: EBTAQ25-01.155 | M110: https://drive.google.com/file/d/1OfSxwisVVx10Lewjhn3Jx8Rr2FjObqHA/view?usp=drivesdk
A111: 45999.599 | B111: Demak | C111: Demak - TPQ KH ALJAZERI | D111: ARDILA SEPTIANI | E111: Demak | F111: 41889 | G111: Drajad sigit marsinggih | H111: Nur faida | I111: Perempuan | J111: https://drive.google.com/open?id=1NamK3-RoRoqoHltzOfEB5hpZlZSZiJmj | K111: sigitdrajad@gmail.com | L111: EBTAQ25-01.156 | M111: https://drive.google.com/file/d/18z_AfrrI-iNwrYNgVLaSe4p7I4VdjRa4/view?usp=drivesdk
A112: 45999.6 | B112: Dewoka | C112: Dewoka - Nuzulur Rohmah | D112: IKLIL HADAYA ASYROFI | E112: Tanjungpinang | F112: 40962 | G112: PURWANTO | H112: DEVI VITA YULIAWATI | I112: Laki-laki | J112: https://drive.google.com/open?id=1MlnSIhIqnoxxdlSDZ-VDqpTu8S2Kjliw | K112: devivitayyuliawati@gmail.com | L112: EBTAQ25-03.117
A113: 45999.602 | B113: Dewoka | C113: Demak - TPQ NURUL IMAN, Dewoka - Nurul Iman | D113: Aufa Khuliyyatun Nisak | E113: Demak | F113: 42540 | G113: Ahmad Mualip | H113: Ainur Rohmah | I113: Perempuan | J113: https://drive.google.com/open?id=1DKyLqwwUWKlOOpL8LSxkwSwAEqYiX60F | K113: diannuraidah878@gmail.com | L113: EBTAQ25-03.118
A114: 45999.618 | B114: Dewoka | C114: Dewoka - Nuzulur Rohmah | D114: Dina putri auliya | E114: Demak, Sidomulyo | F114: 41984 | G114: Sujari | H114: Ngatminah | I114: Perempuan | J114: https://drive.google.com/open?id=1NmOKzD-K_aekyGzoIbckTSlsGQ8_1xt4 | K114: sujarisujari307@gmail.com | L114: EBTAQ25-03.119
A115: 45999.624 | B115: Demak | C115: Demak - TPQ KH ALJAZERI | D115: Shofia naila saadah | E115: Demak | F115: 42591 | G115: Chairul Anam | H115: Khoirotun Nisa | I115: Perempuan | J115: https://drive.google.com/open?id=1L8m_8cl_sFHRLFbZwZzkm7-namnXLEIX | K115: anambakulanz@gmail.com | L115: EBTAQ25-01.157 | M115: https://drive.google.com/file/d/1HcEyh94zKpsfCz-umNAOEo9q1yzpG4KE/view?usp=drivesdk
A116: 45999.649 | B116: Demak | C116: Demak - TPQ KH ALJAZERI | D116: Atika Zahra Latifa | E116: demak | F116: 41776 | G116: ABDUL HADI | H116: TIKA IKHWAL MARYANA | I116: Perempuan | J116: https://drive.google.com/open?id=1PamQCl-1UGrXJd_GL2PdCKSX88P26c5V | K116: vinakecilllll1@gmail.com | L116: EBTAQ25-01.158 | M116: https://drive.google.com/file/d/1omsxK5rza8yumj28u0mzNAMZGjsEiyT6/view?usp=drivesdk
A117: 45999.651 | B117: Demak | C117: Demak - TPQ KH ALJAZERI | D117: Atika zahra latifa | E117: Demak | F117: 41776 | G117: Abdul hadi | H117: Tika ikhwal maryana | I117: Perempuan | J117: https://drive.google.com/open?id=1XmpuYd11stQ5C_wlAWa_xbpTyXXu7_-A | K117: safinazahra052@gmail.com | L117: EBTAQ25-01.159 | M117: https://drive.google.com/file/d/1lOzRiMbHi4yiGvzy7cGboHF1lps7CV2A/view?usp=drivesdk
A118: 45999.652 | B118: Demak | C118: Demak - TPQ KH ALJAZERI | D118: Naella Putri Olivia | E118: Semarang | F118: 41903 | G118: Muhammad muntoha | H118: Upik Nilawati | I118: Perempuan | J118: https://drive.google.com/open?id=1_NhMO69_Op17fTUS3dtet3fqctPIUw-k | K118: lalacicit11@gmail.com | L118: EBTAQ25-01.160 | M118: https://drive.google.com/file/d/1dAwqXUclQLlI1T8jyA5r6B0ASSlr5YON/view?usp=drivesdk
A119: 45999.653 | B119: Demak | C119: Demak - TPQ KH ALJAZERI | D119: JIHAN AZZAHRA | E119: DEMAK | F119: 41702 | G119: IPUNG TRI YUWANTORO | H119: RAMAYANTI | I119: Perempuan | J119: https://drive.google.com/open?id=11FypsBoZ20PagvxHBS7rWPoyQ1Xdbsja | K119: ipunk2281@gmail.com | L119: EBTAQ25-01.161 | M119: https://drive.google.com/file/d/1TmYgnt11tLuW-wd-fpUJNNongLZLtIsK/view?usp=drivesdk
A120: 45999.656 | B120: Demak | C120: Demak - TPQ KH ALJAZERI | D120: Murni Asih Ardianti | E120: Demak, Jawa tengah | F120: 41644 | G120: Zaenal Sodikin | H120: Dewi Ratnawati | I120: Perempuan | J120: https://drive.google.com/open?id=1tUsY2TeNRJhqNEOji5FiwEefPIZFoaIE | K120: mifta.tha26@gmail.com | L120: EBTAQ25-01.162 | M120: https://drive.google.com/file/d/1C0ppqcVAE73l1qoHaWlVQpzM4wbVRANl/view?usp=drivesdk
A121: 45999.66 | B121: Demak | C121: SDS IT AZZAHRA DEMAK | D121: RAFA DANI PEDROSA | E121: DEMAK | F121: 41634 | G121: MUSTAKIM | H121: UMI MAGHFIROH | I121: Laki-laki | J121: https://drive.google.com/open?id=1UQEsF6lhuqU9urCJ-ssDP54oU3blBW1z | K121: khilmiyatunnasikhah5@gmail.com | L121: EBTAQ25-01.163 | M121: https://drive.google.com/file/d/12caEkVjYU8s6bOYfREMOk5MnAGkqKkjK/view?usp=drivesdk
A122: 45999.671 | B122: Demak | C122: Demak - TPQ NURUL IMAN | D122: Abdi Khusen Teguh Pratama | E122: Demak | F122: 41619 | G122: Yuliyono | H122: Nur Magfiroh | I122: Laki-laki | J122: https://drive.google.com/open?id=1oqDaHJlZc3VToA6Q-Y17OqwwUbRmPbCU | K122: sdmulyorejo2demak@gmail.com | L122: EBTAQ25-01.164 | M122: https://drive.google.com/file/d/1SmKXjKU7ZTl6citNG1XTUdLQHI_01s8s/view?usp=drivesdk
...

Sheet Lembar3
A2: No. | B2: ID Peserta | C2: Nama Lengkap | D2: L/P | E2: TEMPAT LAHIR | F2: TANGGAL LAHIR | G2: BIN | H2: BINTI | I2: Foto | J2: Asal Lembaga | K2: Kehadiran | L2: ACAK | M2: SOAL GRB
A3: 228 | B3: =Lembar2!L2 -> EBTAQ25-06.001 | C3: =Lembar2!D2 -> SITI NUR SALSABILA | D3: =Lembar2!I2 -> Perempuan | E3: =Lembar2!E2 -> Kendal | F3: =Lembar2!F2 -> 40885 | G3: =Lembar2!G2 -> SHOLIKHIN | H3: =Lembar2!H2 -> NGASTI'AH | I3: =VLOOKUP(B3,Lembar1!A$4:H$175,8,FALSE) -> BIO_Images/EBTAQ25-06.001.jpg | J3: =Lembar2!C2 -> Mranggen - Futuhiyyah
A4: 229 | B4: =Lembar2!L3 -> EBTAQ25-01.111 | C4: =Lembar2!D3 -> WAKHIDATUN NAILIS SA'ADAH | D4: =Lembar2!I3 -> Perempuan | E4: =Lembar2!E3 -> Demak | F4: =Lembar2!F3 -> 42501 | G4: =Lembar2!G3 -> MAD SOLEH | H4: =Lembar2!H3 -> SITI KHOLIFAH | I4: =VLOOKUP(B4,Lembar1!A$4:H$175,8,FALSE) -> BIO_Images/EBTAQ25-01.111.jpg | J4: =Lembar2!C3 -> Demak - TPQ KH ALJAZERI
A5: 230 | B5: =Lembar2!L4 -> EBTAQ25-01.112 | C5: =Lembar2!D4 -> Atika Zahra Latifa | D5: =Lembar2!I4 -> Perempuan | E5: =Lembar2!E4 -> Demak | F5: =Lembar2!F4 -> 41776 | G5: =Lembar2!G4 -> Abdul Hadi | H5: =Lembar2!H4 -> Tika Ikhwal Maryana | I5: =VLOOKUP(B5,Lembar1!A$4:H$175,8,FALSE) -> BIO_Images/EBTAQ25-01.112atika - safaroh nizam | J5: =Lembar2!C4 -> Demak - TPQ KH ALJAZERI
A6: 231 | B6: =Lembar2!L5 -> EBTAQ25-01.113 | C6: =Lembar2!D5 -> Keisha Laila Fajrina | D6: =Lembar2!I5 -> Perempuan | E6: =Lembar2!E5 -> Demak | F6: =Lembar2!F5 -> 42488 | G6: =Lembar2!G5 -> Mohamad Fatkhan | H6: =Lembar2!H5 -> Sukinah | I6: =VLOOKUP(B6,Lembar1!A$4:H$175,8,FALSE) -> BIO_Images/EBTAQ25-01.113.jpg | J6: =Lembar2!C5 -> Demak - TPQ ALHADID
A7: 232 | B7: =Lembar2!L6 -> EBTAQ25-01.114 | C7: =Lembar2!D6 -> ADELIA KHAIRA WILDA | D7: =Lembar2!I6 -> Perempuan | E7: =Lembar2!E6 -> DEMAK | F7: =Lembar2!F6 -> 42037 | G7: =Lembar2!G6 -> ZAENAL ABIDIN | H7: =Lembar2!H6 -> JIJIN TURIASIH | I7: =VLOOKUP(B7,Lembar1!A$4:H$175,8,FALSE) -> BIO_Images/EBTAQ25-01.114.jpg | J7: =Lembar2!C6 -> Demak - TPQ ALHADID
A8: 233 | B8: =Lembar2!L7 -> EBTAQ25-01.115 | C8: =Lembar2!D7 -> Annisa faiha | D8: =Lembar2!I7 -> Perempuan | E8: =Lembar2!E7 -> Demak | F8: =Lembar2!F7 -> 42841 | G8: =Lembar2!G7 -> Kholil Bisri | H8: =Lembar2!H7 -> Himmatul Ulliya | I8: =VLOOKUP(B8,Lembar1!A$4:H$175,8,FALSE) -> BIO_Images/EBTAQ25-01.115.jpg | J8: =Lembar2!C7 -> Demak - TPQ ALHADID
A9: 234 | B9: =Lembar2!L8 -> EBTAQ25-01.116 | C9: =Lembar2!D8 -> octafia ayu rahmawati | D9: =Lembar2!I8 -> Perempuan | E9: =Lembar2!E8 -> Demak | F9: =Lembar2!F8 -> 42307 | G9: =Lembar2!G8 -> purwadi | H9: =Lembar2!H8 -> saudah | I9: =VLOOKUP(B9,Lembar1!A$4:H$175,8,FALSE) -> BIO_Images/EBTAQ25-01.116.jpg | J9: =Lembar2!C8 -> Demak - TPQ ALHADID
A10: 235 | B10: =Lembar2!L9 -> EBTAQ25-01.117 | C10: =Lembar2!D9 -> AQILA QURROTU A'YUN | D10: =Lembar2!I9 -> Perempuan | E10: =Lembar2!E9 -> Demak | F10: =Lembar2!F9 -> 42577 | G10: =Lembar2!G9 -> Sucipto | H10: =Lembar2!H9 -> Kholisoh | I10: =VLOOKUP(B10,Lembar1!A$4:H$175,8,FALSE) -> BIO_Images/EBTAQ25-01.117.jpg | J10: =Lembar2!C9 -> Demak - TPQ ALHADID
A11: 236 | B11: =Lembar2!L10 -> EBTAQ25-01.118 | C11: =Lembar2!D10 -> Nurul Fauziyah Ramadhani | D11: =Lembar2!I10 -> Perempuan | E11: =Lembar2!E10 -> Demak | F11: =Lembar2!F10 -> 41482 | G11: =Lembar2!G10 -> Muhidin | H11: =Lembar2!H10 -> Sri kumaidah | I11: =VLOOKUP(B11,Lembar1!A$4:H$175,8,FALSE) -> BIO_Images/EBTAQ25-01.118.jpg | J11: =Lembar2!C10 -> Demak - TPQ ALHADID
A12: 237 | B12: =Lembar2!L11 -> EBTAQ25-01.119 | C12: =Lembar2!D11 -> Aisya Faiha Maulidya | D12: =Lembar2!I11 -> Perempuan | E12: =Lembar2!E11 -> Demak | F12: =Lembar2!F11 -> 42729 | G12: =Lembar2!G11 -> Masri | H12: =Lembar2!H11 -> Kasiroh | I12: =VLOOKUP(B12,Lembar1!A$4:H$175,8,FALSE) -> BIO_Images/EBTAQ25-01.119.jpg | J12: =Lembar2!C11 -> Demak - TPQ ALHADID
A13: 238 | B13: =Lembar2!L12 -> EBTAQ25-06.002 | C13: =Lembar2!D12 -> AQILA RAISA AILANI MA'ARIF | D13: =Lembar2!I12 -> Perempuan | E13: =Lembar2!E12 -> Semarang | F13: =Lembar2!F12 -> 41853 | G13: =Lembar2!G12 -> Khusnul Ma'arif | H13: =Lembar2!H12 -> Nur Khoiroh Wijayanti | I13: =VLOOKUP(B13,Lembar1!A$4:H$175,8,FALSE) -> BIO_Images/EBTAQ25-06.002.jpg | J13: =Lembar2!C12 -> Mranggen - Darul qur'an
A14: 239 | B14: =Lembar2!L13 -> EBTAQ25-06.003 | C14: =Lembar2!D13 -> Ahmad Fakhryl Mubarok | D14: =Lembar2!I13 -> Laki-laki | E14: =Lembar2!E13 -> Demak | F14: =Lembar2!F13 -> 41787 | G14: =Lembar2!G13 -> Anton Husni Mubarok | H14: =Lembar2!H13 -> Akmalia | I14: =VLOOKUP(B14,Lembar1!A$4:H$175,8,FALSE) -> BIO_Images/EBTAQ25-06.003.jpg | J14: =Lembar2!C13 -> Mranggen - Darul qur'an
... A469: 694 | B469: =Lembar2!L468 -> EBTAQ25-01.330 | C469: =Lembar2!D468 -> AZWA LAYYINATUS SALIMAH | D469: =Lembar2!I468 -> Perempuan | E469: =Lembar2!E468 -> DEMAK | F469: =Lembar2!F468 -> 42588 | G469: =Lembar2!G468 -> AGUS SALIM | H469: =Lembar2!H468 -> NUR FAIZAH | I469: =VLOOKUP(B469,Lembar1!A$4:H$175,8,FALSE) -> #N/A | J469: =Lembar2!C468 -> Demak - TPQ ALHUSNA (MI)

Sheet Lembar2
A1: Timestamp | B1: Pilih Korcam | C1: Asal Lembaga / TPQ | D1: Nama Lengkap (Sesuai Akta) | E1: Tempat Lahir | F1: Tanggal Lahir | G1: Nama Ayah | H1: Nama Ibu | I1: Jenis Kelamin | J1: Kirim Pas Foto Ukuran PostCard | K1: Email Address | L1: ID Pendaftaran | M1: Link PDF
A2: 45967.632 | B2: Mranggen | C2: Mranggen - Futuhiyyah | D2: SITI NUR SALSABILA | E2: Kendal | F2: 40885 | G2: SHOLIKHIN | H2: NGASTI'AH | I2: Perempuan | J2: https://drive.google.com/open?id=1mrEM8U6G0fnxB_WTM_uGprNxAl7eOq0e | K2: fatimatuzzahra828@gmail.com | L2: EBTAQ25-06.001
A3: 45968.45 | B3: Demak | C3: Demak - TPQ KH ALJAZERI | D3: WAKHIDATUN NAILIS SA'ADAH | E3: Demak | F3: 42501 | G3: MAD SOLEH | H3: SITI KHOLIFAH | I3: Perempuan | J3: https://drive.google.com/open?id=1CxbLWtvE5o0cP9rqTU94xgy6vevWYehK | K3: nikmaturrosyidah4@gmail.com | L3: EBTAQ25-01.111 | M3: https://drive.google.com/file/d/149ZcJWZKRBGgnZcEt-5zAFELzAWTeuhf/view?usp=drivesdk
A4: 45968.495 | B4: Demak | C4: Demak - TPQ KH ALJAZERI | D4: Atika Zahra Latifa | E4: Demak | F4: 41776 | G4: Abdul Hadi | H4: Tika Ikhwal Maryana | I4: Perempuan | J4: https://drive.google.com/open?id=1-nHm9EXUgpOrxGSEEER_gd2MzcM0-AUU | K4: safarohnizam@gmail.com | L4: EBTAQ25-01.112 | M4: https://drive.google.com/file/d/17FDEWneIX3pFjiXjVZWejPQ5zwFH3zq7/view?usp=drivesdk
A5: 45969.375 | B5: Demak | C5: Demak - TPQ ALHADID | D5: Keisha Laila Fajrina | E5: Demak | F5: 42488 | G5: Mohamad Fatkhan | H5: Sukinah | I5: Perempuan | J5: https://drive.google.com/open?id=1f5SwUGtvDG6QgH4U3gKJlQTxwe1MwDIH | K5: hikmatulishaq@gmail.com | L5: EBTAQ25-01.113 | M5: https://drive.google.com/file/d/1S1EnzUcSIlncCOXIW-y-UYZySpxnWtrK/view?usp=drivesdk
A6: 45969.701 | B6: Demak | C6: Demak - TPQ ALHADID | D6: ADELIA KHAIRA WILDA | E6: DEMAK | F6: 42037 | G6: ZAENAL ABIDIN | H6: JIJIN TURIASIH | I6: Perempuan | J6: https://drive.google.com/open?id=1x0WjMDp1vEONPYIFlWgEEhmV92TyO6i0 | K6: nakhilajihan@gmail.com | L6: EBTAQ25-01.114 | M6: https://drive.google.com/file/d/1EvjlRBAVrIAOWUp1uoIG7LEz7ATejl9R/view?usp=drivesdk
A7: 45969.707 | B7: Demak | C7: Demak - TPQ ALHADID | D7: Annisa faiha | E7: Demak | F7: 42841 | G7: Kholil Bisri | H7: Himmatul Ulliya | I7: Perempuan | J7: https://drive.google.com/open?id=17le2Igs59p_HTSCsAR3GNNJt2RIMSDCY | K7: faihaannisa632@gmail.com | L7: EBTAQ25-01.115 | M7: https://drive.google.com/file/d/1XjXJtEPl3B4Z5iGDIg75rMCNXz0i-1_f/view?usp=drivesdk
A8: 45969.71 | B8: Demak | C8: Demak - TPQ ALHADID | D8: octafia ayu rahmawati | E8: Demak | F8: 42307 | G8: purwadi | H8: saudah | I8: Perempuan | J8: https://drive.google.com/open?id=11JLbasjtEy0YNiuuHAGDR05kzL8r2mTs | K8: khusna8765@gmail.com | L8: EBTAQ25-01.116 | M8: https://drive.google.com/file/d/1sYSdtjmuBXfAU8eS9sDn2m_a-iJScwgf/view?usp=drivesdk
A9: 45969.713 | B9: Demak | C9: Demak - TPQ ALHADID | D9: AQILA QURROTU A'YUN | E9: Demak | F9: 42577 | G9: Sucipto | H9: Kholisoh | I9: Perempuan | J9: https://drive.google.com/open?id=1rW0U4BxDjbyOl2mhyPLhvdRdedM758eF | K9: suciptokarangmlati@gmail.com | L9: EBTAQ25-01.117 | M9: https://drive.google.com/file/d/1lud1iW1ZfaSG2vQU33r5nidI79TTuo11/view?usp=drivesdk
A10: 45969.714 | B10: Demak | C10: Demak - TPQ ALHADID | D10: Nurul Fauziyah Ramadhani | E10: Demak | F10: 41482 | G10: Muhidin | H10: Sri kumaidah | I10: Perempuan | J10: https://drive.google.com/open?id=1JNVvb5MHz_uR3Se5WpFia029sUNc5CvC | K10: fikriyahhd@gmail.com | L10: EBTAQ25-01.118 | M10: https://drive.google.com/file/d/1kd4F2IwGWQ2a0pKywjKyKjQDpOyfseEK/view?usp=drivesdk
A11: 45969.722 | B11: Demak | C11: Demak - TPQ ALHADID | D11: Aisya Faiha Maulidya | E11: Demak | F11: 42729 | G11: Masri | H11: Kasiroh | I11: Perempuan | J11: https://drive.google.com/open?id=1TWXX2Dc3Rz4kjWJ-tCJAgX26qkrP6gvh | K11: mawarmelati1503@gmail.com | L11: EBTAQ25-01.119 | M11: https://drive.google.com/file/d/15fXGhFlhRT0fllOpTzons26Mhuoo_NQz/view?usp=drivesdk
A12: 45972.006 | B12: Mranggen | C12: Mranggen - Darul qur'an | D12: AQILA RAISA AILANI MA'ARIF | E12: Semarang | F12: 41853 | G12: Khusnul Ma'arif | H12: Nur Khoiroh Wijayanti | I12: Perempuan | J12: https://drive.google.com/open?id=1kV7426-pZepQwruh-h4gakwsSJ1VIWc1 | K12: rmaghfiroh881@gmail.com | L12: EBTAQ25-06.002 | M12: https://drive.google.com/file/d/1gt_POAXQ21jIiShA8tSKzkmzmGd0Kr9g/view?usp=drivesdk
A13: 45972.036 | B13: Mranggen | C13: Mranggen - Darul qur'an | D13: Ahmad Fakhryl Mubarok | E13: Demak | F13: 41787 | G13: Anton Husni Mubarok | H13: Akmalia | I13: Laki-laki | J13: https://drive.google.com/open?id=1w25YpuRXIefDgcDRiGW1VWfusl3lFqcR | K13: zakiyazaa231@gmail.com | L13: EBTAQ25-06.003 | M13: https://drive.google.com/file/d/1Z8VAly-FHrt4-JIjrjnOWfb91tQRMS3H/view?usp=drivesdk
A14: 45972.041 | B14: Mranggen | C14: Mranggen - Darul qur'an | D14: Ayyash | E14: Semarang | F14: 42271 | G14: Dian Hadi Saputra | H14: May Kurniawati | I14: Laki-laki | J14: https://drive.google.com/open?id=1jOANmbzmyYjUM6tdjRiWi4fMqMz5vD3g | K14: dinakhulala12@gmail.com | L14: EBTAQ25-06.004 | M14: https://drive.google.com/file/d/18qA0XYpW8znmpl-jwf8kLxpd3vcgDhl7/view?usp=drivesdk
... A37: 45994.96 | B37: Karbon | C37: Karbon - TPQ MASITHOH 8 | D37: Shakila Dzahin Nicky Azzahra | E37: Demak | F37: 42604 | G37: Nicky Yulianto | H37: Mimin Afita Sari | I37: Perempuan | J37: https://drive.google.com/open?id=1IuqZK1MDvBF-QJCHXfghgBFiYEvoAWbP | K37: kusm17889@gmail.com | L37: EBTAQ25-05.007 | M37: https://drive.google.com/file/d/1RG0r7j_f1DRlXA34orDGNeYRKGuwmreQ/view?usp=drivesdk
A38: 45995.388 | B38: Karbon | C38: Karbon - TPQ Qurrotul 'Ain | D38: Alif Nur Zakiyyah Akhfi | E38: Demak | F38: 42109 | G38: Nur Sahid | H38: Arni Ardiyawati | I38: Perempuan | J38: https://drive.google.com/open?id=1Ny17lnfX-4BOT0H8C84w8ILdAaOKAhfk | K38: saefudin17629@gmail.com | L38: EBTAQ25-05.008
A39: 45995.46 | B39: BMW | C39: BMW - Roudhotus Syifa | D39: GEBRIEL JUNITA AZ-ZAHRA | E39: DEMAK | F39: 42532 | G39: ROMDHON | H39: NUR HAYATI | I39: Perempuan | J39: https://drive.google.com/open?id=1N4I-rJoRqYO6-z-q8FDA3RPsKlCAo8yZ | K39: mmaruf0139@gmail.com | L39: EBTAQ25-03.004 | M39: https://drive.google.com/file/d/1YZXmYgHoUXIlrQmAIm56xGbOsPn0RHZ8/view?usp=drivesdk
A40: 45995.467 | B40: BMW | C40: BMW - Roudhotus Syifa | D40: NELY LIZA LISTIANY | E40: DEMAK | F40: 42553 | G40: NUR KHOLIS | H40: NUR AZIZAH | I40: Perempuan | J40: https://drive.google.com/open?id=1fTj32WcxxeyU5nhWY4a-9X_-EaZHo-pP | K40: mm5926704@gmail.com | L40: EBTAQ25-03.005 | M40: https://drive.google.com/file/d/1DhGseUBDz8r54aw6wcyydwSL3BTLCH8x/view?usp=drivesdk
A41: 45995.532 | B41: Karbon | C41: Karbon - TPQ Nahdlotul Qur'an | D41: RARA TRI APRILIANA | E41: DEMAK | F41: 42109 | G41: RAKIMIN | H41: ROMLAH | I41: Perempuan | J41: https://drive.google.com/open?id=1sdEp7nkHPIHNea7-o8dNU9j0J6t_RvVp | K41: nahdlotulqurantpq1@gmail.com | L41: EBTAQ25-05.009
A42: 45995.542 | B42: Karbon | C42: Karbon - TPQ Nahdlotul Qur'an | D42: naura latisha aquina | E42: demak | F42: 42349 | G42: ahmad saefudin | H42: ropiah | I42: Perempuan | J42: https://drive.google.com/open?id=1b7iLYDeTO2_GAwCfNxeuWQ4j5H8DrQ6f | K42: ainamoena406@gmail.com | L42: EBTAQ25-05.010
A43: 45995.548 | B43: Karbon | C43: Karbon - TPQ Nahdlotul Qur'an | D43: NABILA NAILU ZAKIYYATUL MUNA | E43: DEMAK | F43: 42330 | G43: MUHAMAD KOERI | H43: ROMLAH | I43: Perempuan | J43: https://drive.google.com/open?id=1J6hgh25lrq6QxILNjyQ0YHMzEyONzlLz | K43: tpqnahdzathulquran@gmail.com | L43: EBTAQ25-05.011
A44: 45995.552 | B44: Karbon | C44: Karbon - TPQ Nahdlotul Qur'an | D44: DANISHA NAIRA NAJMI | E44: DEMAK | F44: 42546 | G44: MOH AGUS SALIM | H44: NURUL KHOIRIYAH | I44: Perempuan | J44: https://drive.google.com/open?id=1f7BauV_HURJdeOaOy528B_BsEqCXVuVk | K44: shivaalizzah@gmail.com | L44: EBTAQ25-05.012
A45: 45995.556 | B45: Karbon | C45: Karbon - TPQ Nahdlotul Qur'an | D45: TALITHA MUTIA AZZAHRA | E45: DEMAK | F45: 42668 | G45: AKHID IRIADI | H45: IKA SILVIA MARTANIA | I45: Perempuan | J45: https://drive.google.com/open?id=1ScalFEZn28SCwSvF1URw2lzAg2dTrZcW | K45: drah16022@gmail.com | L45: EBTAQ25-05.013
A46: 45995.682 | B46: Karbon | C46: Karbon - TPQ Nahdlotul Qur'an | D46: KHOIRUNNISA SALSABILA | E46: SEMARANG | F46: 42393 | G46: MIFTAHUL HUDA | H46: AINUL MAFROKAH | I46: Perempuan | J46: https://drive.google.com/open?id=15osqENtLHUOcWDqiYr-GyV9HvWcOgpFL | K46: farikahica@gmail.com | L46: EBTAQ25-05.014
A47: 45996.636 | B47: Demak | C47: SDIT KOTAWALI | D47: FATIMATUZ ZAHRA ADNAN | E47: SEMARANG | F47: 41794 | G47: AHMAD ADNAN | H47: UCI NOVIATI | I47: Perempuan | J47: https://drive.google.com/open?id=19tCLQWzxYlOb3-WPS90V1hNJ0Hq1rBlO | K47: salwaazzlea@gmail.com | L47: EBTAQ25-01.130 | M47: https://drive.google.com/file/d/14Nv3YO6iRspLKQg4h1unQeYheO1cExyR/view?usp=drivesdk
A48: 45997.351 | B48: Karbon | C48: Karbon - TPQ Masithoh II | D48: Muhammad Danish Arkana | E48: Pekalongan | F48: 42133 | G48: Muhamad Rofiq | H48: Tri Umiati | I48: Laki-laki | J48: https://drive.google.com/open?id=1eZ7LPhPCfn0H3eIXC19-y6wrBpmN9vqK | K48: uswatunkhasanahh286@gmail.com | L48: EBTAQ25-05.015
A49: 45998.482 | B49: Demak | C49: Karbon - TPQ Qurrotul 'Ain | D49: Sabrina aqila rahma | E49: Demak | F49: 42114 | G49: Khoirul latif | H49: Lukluatul khadziroh | I49: Perempuan | J49: https://drive.google.com/open?id=1EursjyoKVsOOdaX7_nmRhOD_sLJ_Xqpf | K49: aqilafifi1508@gmail.com | L49: EBTAQ25-01.131 | M49: https://drive.google.com/file/d/1duWKV1kvFWgFCWKHuZDEt35jKOtxj-wr/view?usp=drivesdk
A50: 45998.488 | B50: Karbon | C50: Karbon - TPQ Qurrotul 'Ain | D50: Maulida Naila nabila | E50: Demak,12 Desember 2016 | F50: 42716 | G50: Muhammad mashuri | H50: Amin munzainah | I50: Perempuan | J50: https://drive.google.com/open?id=1lXJ91qEoINauEsJBwCjp9JHhk5opuCoa | K50: maulidanailanabila@gmail.com | L50: EBTAQ25-05.016
A51: 45998.495 | B51: Karbon | C51: Karbon - TPQ Qurrotul 'Ain | D51: Kiandra Aqila Hatmiko | E51: Semarang | F51: 41811 | G51: Anjar tri hatmiko | H51: Retno murdianingrum | I51: Perempuan | J51: https://drive.google.com/open?id=1Z73nzZVBDsXoeelvZ2Obqnt6XdhGo7pk | K51: anjarhatmiko@gmail.com | L51: EBTAQ25-05.017
A52: 45998.554 | B52: Karbon | C52: Karbon - TPQ Qurrotul 'Ain | D52: Maylani Ananda Putri | E52: Demak | F52: 42129 | G52: Fendy Agus Riyanto | H52: Iatikomah | I52: Perempuan | J52: https://drive.google.com/open?id=1KZ3BdpHkZJ91SxoNy2OxucX875ogiOMT | K52: islanisti@gmail.com | L52: EBTAQ25-05.018
A53: 45998.557 | B53: Demak | C53: Karbon - TPQ Qurrotul 'Ain | D53: ANA NAFISATUZZAHRO | E53: SEMARANG | F53: 42354 | G53: KARTONO | H53: NURUL HIKMAH | I53: Perempuan | J53: https://drive.google.com/open?id=1RmOfQW2PGka_V6WNPufdkcdoh--62LC- | K53: nnurulhikmah66@gmail.com | L53: EBTAQ25-01.132 | M53: https://drive.google.com/file/d/1PO8E7oS2ehB8cYadjZVFLTgXGjGQI0Rk/view?usp=drivesdk
A54: 45998.581 | B54: Demak | C54: Karbon - TPQ Qurrotul 'Ain | D54: Ahmad Muiz Halim | E54: Demak | F54: 42259 | G54: Sutiyono | H54: Novita Murtiyani | I54: Laki-laki | J54: https://drive.google.com/open?id=1GVSfUtAd-VG7N2w11azVOuPqlJ_pNFuw | K54: sutiyono181196@gmail.com | L54: EBTAQ25-01.133 | M54: https://drive.google.com/file/d/1DTrIoNS5cMoRVmaf0qupTwwlTE7YxG0M/view?usp=drivesdk
A55: 45998.64 | B55: Demak | C55: Karbon - TPQ Qurrotul 'Ain | D55: Ahmad Muiz halim | E55: Demak | F55: 42259 | G55: Sutiyono | H55: Novitamurtiyani | I55: Laki-laki | J55: https://drive.google.com/open?id=1oQsAvkXWCUF9n6b2_aeH4kFyF8shv37- | K55: ahmadmuishalim@gmail.com | L55: EBTAQ25-01.134 | M55: https://drive.google.com/file/d/16q53V4Laz3VSZSD_KyTHH57gFohSyxWP/view?usp=drivesdk
A56: 45998.649 | B56: Demak | C56: Karbon - TPQ Qurrotul 'Ain | D56: ahmad muiz halim | E56: DEMAK | F56: 42347 | G56: sutiyono | H56: novita murtiyani | I56: Laki-laki | J56: https://drive.google.com/open?id=14E5FgdJRCNN0IW5-JZpQBrIEikxE3YJ1 | K56: putraares16@gmail.com | L56: EBTAQ25-01.135 | M56: https://drive.google.com/file/d/1kprFT6bfGHlELBKpdd_wHDR2CaFUqKvH/view?usp=drivesdk
A57: 45998.668 | B57: Demak | C57: Karbon - TPQ Qurrotul 'Ain | D57: Ahmad muiz halim | E57: Demak | F57: 42347 | G57: Sutiyono | H57: Murtiyani | I57: Laki-laki | J57: https://drive.google.com/open?id=1lIcEYP_y7vtj35IiBeu0Avjean_3jfWO | K57: nunkciiu@gmail.com | L57: EBTAQ25-01.136 | M57: https://drive.google.com/file/d/1d2D3VZ5cR9VXYEmbLc3AhLPyv0yomnPB/view?usp=drivesdk
A58: 45998.671 | B58: Demak | C58: Karbon - TPQ Qurrotul 'Ain | D58: Muhammad Revan Putra pambudi | E58: Demak | F58: 42217 | G58: Galuh eka pambudi | H58: Sumi kastutik | I58: Laki-laki | J58: https://drive.google.com/open?id=12S2kwR_D4ywJtsZGWeVh4sFmp_StkTPu | K58: revanpamudi@gmail.com | L58: EBTAQ25-01.137 | M58: https://drive.google.com/file/d/15bukjPSIKhtn074THOHOpcBmOU0pC7KY/view?usp=drivesdk
A59: 45998.693 | B59: Demak | C59: Dewoka - Nuzulur Rohmah | D59: Syaffira Maharani Putri Fie | E59: Demak | F59: 41692 | G59: Fahruddin Lutfiei | H59: Eka Prasetya Ningrum | I59: Perempuan | J59: https://drive.google.com/open?id=1sK6HeLqWPPg_hDzXX8TStXEgzC_J0OtB | K59: defatimah8@gmail.com | L59: EBTAQ25-01.138 | M59: https://drive.google.com/file/d/14jQTZGNIoxylLqXsorOx9I5LHpoFAl3e/view?usp=drivesdk
A60: 45998.742 | B60: Karbon | C60: Karbon - TPQ Qurrotul 'Ain | D60: RAFA AHMAD ANSHORI | E60: Semarang | F60: 42628 | G60: A. KHARIS MUKTAFI | H60: ANNI FARICHAH | I60: Laki-laki | J60: https://drive.google.com/open?id=1pOsKMAA76XvfpEVBXDNLQ8i4PUMEGwjQ | K60: rafakaka369@gmail.com | L60: EBTAQ25-05.019
A61: 45998.743 | B61: Karbon | C61: Karbon - TPQ Qurrotul 'Ain | D61: Alif nur zakiyyah akhfi | E61: Demak | F61: 42108 | G61: Nur sahid | H61: Arni ardiyawati | I61: Perempuan | J61: https://drive.google.com/open?id=1JYaLZxWPQGhq2uzPz2Xkuujdbg3s7QwV | K61: sahidn688@gmail.com | L61: EBTAQ25-05.020
A62: 45998.761 | B62: Karbon | C62: Karbon - Hidayatul Mubtadi'in | D62: DIAS WAHYU PRATAMA | E62: Demak | F62: 40836 | G62: Muhamad Nasi'in | H62: Rondiyah | I62: Laki-laki | J62: https://drive.google.com/open?id=1E0fThNgGcTVzGkiYXgSDjtsMTaiijxAO | K62: dito.cahsmc04@gmail.com | L62: EBTAQ25-05.021
A63: 45998.795 | B63: Karbon | C63: Karbon - TPQ Qurrotul 'Ain | D63: Muhammad Khalid Sutarji | E63: Demak | F63: 41588 | G63: Sutarji | H63: Novrida Ningsih Simangunsong | I63: Laki-laki | J63: https://drive.google.com/open?id=1FhWJy2sxBunzCyAWQEWREA6v6ALf73JP | K63: bputriaf@gmail.com | L63: EBTAQ25-05.022
A64: 45998.826 | B64: Karbon | C64: Karbon - TPQ Qurrotul 'Ain | D64: Rafi Ahmad Anshori | E64: Semarang | F64: 42629 | G64: A. Kharis Muktafi | H64: Anni Farichah | I64: Laki-laki | J64: https://drive.google.com/open?id=1cHoPZvGcYBL4SuoKcoGMiXDGZ-46Thgo | K64: rafidede369@gmail.com | L64: EBTAQ25-05.023
A65: 45998.852 | B65: Karbon | C65: Karbon - TPQ Qurrotul 'Ain | D65: Muhammad Zidan Alfarisi | E65: Semarang | F65: 42334 | G65: Saiful Amri | H65: Maftukah | I65: Laki-laki | J65: https://drive.google.com/open?id=16ATLLsdFV7EGPJqNlMV2ejRLfBkT65_D | K65: maftukahmaftukah750@gmail.com | L65: EBTAQ25-05.024
A66: 45998.893 | B66: Karbon | C66: Karbon - TPQ Qurrotul 'Ain | D66: Muhammad Zidan Alfarisi | E66: Semarang | F66: 42334 | G66: Saiful Amri | H66: Maftukah | I66: Laki-laki | J66: https://drive.google.com/open?id=1AlDt9UVWXT0HsGIrAGBrLDKIExqgKZX0 | K66: sayfuluciha@gmail.com | L66: EBTAQ25-05.025
A67: 45999.208 | B67: Demak | C67: Demak - TPQ KH ALJAZERI | D67: Zidnatul ilma | E67: Mlaten, karang melati, kec. Demak, kab. Semakin | F67: 42162 | G67: Hadi mahmudi | H67: Siti azizah | I67: Perempuan | J67: https://drive.google.com/open?id=1dyGM06YqSkXm9kVYE3yx83iJ5QNzesKx | K67: sa6627241@gmail.com | L67: EBTAQ25-01.139 | M67: https://drive.google.com/file/d/1IXwBZI99q9Ydgem9QzT__Uy8GtLVLtO5/view?usp=drivesdk
A68: 45999.227 | B68: Dewoka | C68: Dewoka - Nuzulur Rohmah | D68: Roisatut Dzawin Najah | E68: Pati | F68: 42269 | G68: Mohammad Shodiqin | H68: Siti Aminah | I68: Perempuan | J68: https://drive.google.com/open?id=1fjNxsrf9W7fYUvRpAigsHGf_U1kBjS3X | K68: fatkhurrokhim150@gmail.com | L68: EBTAQ25-03.139
A69: 45999.232 | B69: BMW | C69: BMW - Matholiul Falah | D69: Nur Alifah | E69: Demak | F69: 42318 | G69: Abu rozin | H69: Nur hidayah | I69: Perempuan | J69: https://drive.google.com/open?id=1b-EkNdMS0my60PkWXyCtM8EB8nRmb2ux | K69: fitrinada123@gmail.com | L69: EBTAQ25-03.006 | M69: https://drive.google.com/file/d/1z9CRczk6X-5xmflZmSDZmACM7ovFdclX/view?usp=drivesdk
A70: 45999.268 | B70: BMW | C70: BMW - Matholiul Falah | D70: Asaa Najma Azzahra | E70: Demak | F70: 42312 | G70: Ahmad Muhajir | H70: Musokhikah | I70: Perempuan | J70: https://drive.google.com/open?id=1-JlOBkhsUxG-7ImEr68jtIx3WRFUWzE9 | K70: istifaizah069@gmail.com | L70: EBTAQ25-03.007 | M70: https://drive.google.com/file/d/1zVHCpf7hCF1zawQMUuDp2eiYApv0aJ89/view?usp=drivesdk
A71: 45999.286 | B71: BMW | C71: BMW - Matholiul Falah | D71: Reva Dwi Rahmadhani | E71: Kudus | F71: 42191 | G71: Nur cipto | H71: Nur ismah | I71: Perempuan | J71: https://drive.google.com/open?id=194j5bxf8hHvd58MQybD5WjOwGInexIEl | K71: adamintanpuput@gmail.com | L71: EBTAQ25-03.008 | M71: https://drive.google.com/file/d/1dDIoKvzN_f43pjEfi6KxLn0omD4PRiLe/view?usp=drivesdk
A72: 45999.289 | B72: Demak | C72: Demak - TPQ KH ALJAZERI | D72: ARSYA MAULANA FIRMANSYAH | E72: DEMAK | F72: 42022 | G72: MEN KARSIMAN | H72: ZAKHIYAH SYAFITRI | I72: Laki-laki | J72: https://drive.google.com/open?id=1ZlGNkOiVxAQSBR6l42nD-P2b9zftDtG2 | K72: arsyamaulana782@gmail.com | L72: EBTAQ25-01.140 | M72: https://drive.google.com/file/d/12IHTULbYcsC76cWMsEuoO6MQjLvxIcN3/view?usp=drivesdk
A73: 45999.312 | B73: BMW | C73: BMW - Al Khoiriyah | D73: ALFIAH JULIANTI | E73: DEMAK | F73: 41826 | G73: ACHSANU ROHIM | H73: DEWI KHUSAEMAH | I73: Perempuan | J73: https://drive.google.com/open?id=1psFhggJNjW0Q06-AS_03545oWNwba2eD | K73: aryfin@gmail.com | L73: EBTAQ25-03.009 | M73: https://drive.google.com/file/d/1tYqDdTv8EqNUN0WZnu_2Epzf1tel6Eko/view?usp=drivesdk
A74: 45999.32 | B74: BMW | C74: BMW - Al Khoiriyah | D74: NUFIKHO SOFARA KHOIRIYAH | E74: DEMAK | F74: 41995 | G74: ACHMAD SIFULFAZI | H74: LAIKHATUN | I74: Perempuan | J74: https://drive.google.com/open?id=1s3LFdyMeqFalnRmaui5QMwT40phv-BJm | K74: andarunawa@gmail.com | L74: EBTAQ25-03.010 | M74: https://drive.google.com/file/d/1Q7S0_V5biKLuwb1gcwjgfACk3ZJm-nuE/view?usp=drivesdk
A75: 45999.323 | B75: Demak | C75: Demak - TPQ KH ALJAZERI | D75: MURNI ASIH ARDIANTI | E75: Demak | F75: 41644 | G75: Zaenal Sodikin | H75: Dewi Ratnawati | I75: Perempuan | J75: https://drive.google.com/open?id=1kP52y2Rm7ZGrAQVe9fX6z0qCNskgdVEC | K75: dewiratnawati123@gmail.com | L75: EBTAQ25-01.141 | M75: https://drive.google.com/file/d/1emSs0Wb-vszNXcXUTm7_Nm5uuZ0C2W9A/view?usp=drivesdk
A76: 45999.328 | B76: Karbon | C76: Karbon- Darussalam | D76: MUHAMMAD DANISH BAYHAQI | E76: DEMAK | F76: 42069 | G76: HERU PRASETIO | H76: ENI SUSILOWATI | I76: Laki-laki | J76: https://drive.google.com/open?id=1xq6-KrEMMLVtaP7VGdOphzl6VRW8AS_w | K76: sitiaisyahrodie@gmail.com | L76: EBTAQ25-05.026
A77: 45999.343 | B77: Demak | C77: Demak - TPQ KH ALJAZERI | D77: Kamilatun Ni'mah | E77: Demak | F77: 42367 | G77: Nur Alex | H77: Romi Zuli astuti | I77: Perempuan | J77: https://drive.google.com/open?id=1UtVdy_RjMIhep5DDkvzLWLhsmyIAbNsL | K77: nura52760@gmail.com | L77: EBTAQ25-01.142 | M77: https://drive.google.com/file/d/1g-3eOYAH1AGZPHfctQq0PPRTmCge4lsA/view?usp=drivesdk
A78: 45999.347 | B78: Dewoka | C78: Dewoka - Nurul Qur'an | D78: M. FAIZAL FADHIL | E78: DEMAK | F78: 41633 | G78: MASRUKIN | H78: KASNI | I78: Laki-laki | J78: https://drive.google.com/open?id=1DuN6bIsbuOiOuR1ATblM_dNgkdF3_jLy | K78: alimasrury58@gmail.com | L78: EBTAQ25-03.106
A79: 45999.351 | B79: Dewoka | C79: Dewoka - Nurul Qur'an | D79: CINTYA FEBRIYANA SAPUTRI | E79: DEMAK | F79: 40962 | G79: AHMAD YASIN | H79: SITI SUPRIYATI | I79: Perempuan | J79: https://drive.google.com/open?id=14pqDV13WIuvBrYa7A0CbccGzFQL2Mp1R | K79: tpqnurulquran86@gmail.com | L79: EBTAQ25-03.107
A80: 45999.354 | B80: Karbon | C80: Karbon - TPQ Darussalam | D80: MUHAMMAD LABIB ALI MURTADHO | E80: DEMAK | F80: 42095 | G80: SUDIRMAN | H80: ARIFATUL KHOIRIYAH | I80: Laki-laki | J80: https://drive.google.com/open?id=1aI69pndUZux8CwDJQVcz5ZtFAQi4_bT- | K80: bilqis020425@gmail.com | L80: EBTAQ25-05.027
A81: 45999.359 | B81: Dewoka | C81: Dewoka - Nurul Qur'an | D81: GITHA AZALIA | E81: DEMAK | F81: 41907 | G81: MAHMUDI | H81: LIA KRISTIYANTI | I81: Perempuan | J81: https://drive.google.com/open?id=1WzteGUUDy3K7Kh7fBgAO8Am3_wKosKnz | K81: azrildmk908@gmail.com | L81: EBTAQ25-03.108
A82: 45999.361 | B82: Dewoka | C82: Dewoka - Nurul Qur'an | D82: AISYA IZZATUL ALISA | E82: DEMAK | F82: 41674 | G82: MOHAMAD ZAINAL ABIDIN | H82: SITI RUMIYATI | I82: Perempuan | J82: https://drive.google.com/open?id=1J29laIM0JiLBc8SqJgIInKanMKUsWC-U | K82: ilyasaahmad485@gmail.com | L82: EBTAQ25-03.109
A83: 45999.363 | B83: Dewoka | C83: Dewoka - Nurul Qur'an | D83: SYIFA ELYSIA DARAPUSPITA | E83: DEMAK | F83: 41481 | G83: SUSILO | H83: ENDANG DWI SUNARTI | I83: Perempuan | J83: https://drive.google.com/open?id=1WsQuosg1RaN-iN512pZRH5a7A3cRrauc | K83: bloggerpemula359@gmail.com | L83: EBTAQ25-03.110
A84: 45999.364 | B84: Dewoka | C84: Dewoka - Nurul Qur'an | D84: ELISSA WILDA FATMA | E84: DEMAK | F84: 41783 | G84: MAULUDI | H84: ANIS | I84: Perempuan | J84: https://drive.google.com/open?id=1AV8wU-YNe_yGftD8P5wsiJAyykQ5iRLO | K84: atasbawah604@gmail.com | L84: EBTAQ25-03.111
A85: 45999.368 | B85: Karbon | C85: Karbon - TPQ Darussalam | D85: MUHAMMAD ROBITH AZAMI | E85: Demak | F85: 41750 | G85: Ismail | H85: Siti Asrofatunnihayah | I85: Laki-laki | J85: https://drive.google.com/open?id=1mkmjQL_YPptkRE3hNw4ehb8QdoHrJy5p | K85: malikrohmah0@gmail.com | L85: EBTAQ25-05.028
A86: 45999.375 | B86: BMW | C86: BMW - Matholiul Falah | D86: Indah fadhilah | E86: Demak | F86: 42542 | G86: Nur Rohman | H86: Nazidatul ula | I86: Perempuan | J86: https://drive.google.com/open?id=1p-87wUAweFz5djzE2NGcW9_WcQULwH6t | K86: aqsolamri42@gmail.com | L86: EBTAQ25-03.011 | M86: https://drive.google.com/file/d/1NbX6Tlzaihu3k_UpWRg_8KklRm0ONtYd/view?usp=drivesdk
A87: 45999.375 | B87: BMW | C87: BMW - Matholiul Falah | D87: Indah fadhilah | E87: Demak | F87: 42542 | G87: Nur rohman | H87: Nazidatul ula | I87: Perempuan | J87: https://drive.google.com/open?id=1fjnLwl7zpSjF3dSoFHhtmPVmJLK07gAh | K87: ahmadkarim2148@gmail.com | L87: EBTAQ25-03.012 | M87: https://drive.google.com/file/d/1xuj1HhYsAZrJ2PolUk50qChSzoagT21m/view?usp=drivesdk
A88: 45999.389 | B88: Dewoka | C88: Dewoka - Nurus Shibyan | D88: Ahmad Ilham Nurul Fajar | E88: Demak | F88: 42043 | G88: Nurul Dholam | H88: Anisatuz Zahro | I88: Laki-laki | J88: https://drive.google.com/open?id=1FiF3M-8WVtIfL6AGStRP7BZ-LKca63R1 | K88: rizkyaml334@gmail.com | L88: EBTAQ25-03.112
A89: 45999.423 | B89: Demak | C89: Karbon - Hidayatul Mubtadi'in | D89: MUHAMMAD TAUFIQ ALANSYAH | E89: JAKARTA | F89: 40393 | G89: NURHADI | H89: CICI MEININGSIH | I89: Laki-laki | J89: https://drive.google.com/open?id=1f2z06ZFSyxfm_E9nDGHGfKUhpzgPTpgk | K89: alansyah2527@gmail.com | L89: EBTAQ25-01.143 | M89: https://drive.google.com/file/d/1CkBWbBgvzZQ2yKS-6uMCYiHBq-d0qXAX/view?usp=drivesdk
A90: 45999.423 | B90: Demak | C90: Demak - TPQ KH ALJAZERI | D90: Wakhidatunnailissaadah | E90: Krajan mangunjiwan 02 04 | F90: 42501 | G90: Mad soleh | H90: Siti kholifah | I90: Perempuan | J90: https://drive.google.com/open?id=188LySejn2nonP8yXnS7kCg4ra4DoxsYv | K90: lisaadah458@gmail.com | L90: EBTAQ25-01.144 | M90: https://drive.google.com/file/d/1NoYtufkoNRXvUGCMVqEGiw0omjIz6GEb/view?usp=drivesdk
A91: 45999.431 | B91: Mranggen | C91: BMW - Hidayatul Mubtadiin | D91: IBNU ASSYFA' | E91: Grobogan | F91: 40488 | G91: EDY SUSANTO | H91: NUR CHAMIDAH | I91: Laki-laki | J91: https://drive.google.com/open?id=1zJxeD9iN9seXb_L27garPAey51BnnRwZ | K91: chamidahnur589@gmail.com | L91: EBTAQ25-06.008 | M91: https://drive.google.com/file/d/1OuRHfr08yQqGmPH4BV7mUAZ_47xJZGxO/view?usp=drivesdk
A92: 45999.434 | B92: Karbon | C92: Karbon - TPQ Asnawiyah | D92: AELUL NAJLA | E92: GROBOGAN | F92: 40671 | G92: MAT RIFA'I | H92: SITI AMINI | I92: Perempuan | J92: https://drive.google.com/open?id=1JE8mIh0cGpD0DhKj4vpj6aARI95OqJPY | K92: sindianinadia@gmail.com | L92: EBTAQ25-05.029
A93: 45999.439 | B93: Dewoka | C93: Dewoka - Roudlotul Muta'allimin | D93: Muhammad Muwafiq | E93: Demak | F93: 43233 | G93: Rohmanto | H93: Zahrotul ummah | I93: Laki-laki | J93: https://drive.google.com/open?id=1Mv4i0UoSZcVnknwgkMTt1DAvSDZaKQTi | K93: zahrotulummah5@gmail.com | L93: EBTAQ25-03.113
A94: 45999.458 | B94: Karbon | C94: Karbon - TPQ Asnawiyah | D94: ARINI KARTIKA PUTRI | E94: GROBOGAN | F94: 40505 | G94: SAWIDI | H94: SULISTYOWATI | I94: Laki-laki, Perempuan | J94: https://drive.google.com/open?id=1-aglZ5zUK6B09y6R7-hE-K_k8DG9BqS5 | K94: finaidamatussilmi207@gmail.com | L94: EBTAQ25-05.030
A95: 45999.47 | B95: Dewoka | C95: Dewoka - Roudlotul Muta'allimin | D95: Zafira Ayunda Rahmadani | E95: Demak | F95: 43587 | G95: Dany Yuliantoko | H95: Ayu Dya Safitri | I95: Perempuan | J95: https://drive.google.com/open?id=1-GtHLQMJpr-K1oJW_SXclPMmbXXYi-jK | K95: ayudya67@gmail.com | L95: EBTAQ25-03.114
A96: 45999.485 | B96: Demak | C96: Demak - TPQ KH ALJAZERI | D96: Arsya pradipta kurniawan | E96: Demak | F96: 42774 | G96: Ganda kurniawan | H96: Nurul ulfa kartika bintarum | I96: Laki-laki | J96: https://drive.google.com/open?id=1S9itZYo6XSJP8cAl3eLy7ahkuJw1QHqN | K96: nurululfabintarum@gmail.com | L96: EBTAQ25-01.145 | M96: https://drive.google.com/file/d/1JeTSfIoT2Bu8fbTVducfIgtAfmr10xQ5/view?usp=drivesdk
A97: 45999.493 | B97: Dewoka | C97: Dewoka - Roudlotul Muta'allimin | D97: Alma Putri Hanifa | E97: Demak | F97: 43543 | G97: Achmad Sodiq | H97: Nurul Umah | I97: Perempuan | J97: https://drive.google.com/open?id=1sgYIqcVhXv5Gx01W1o8jxjsMHveG6_Cm | K97: umahnurul635@gmail.com | L97: EBTAQ25-03.115
A98: 45999.5 | B98: Dewoka | C98: Dewoka - Roudlotul Muta'allimin | D98: ADILA KEISHA FATHIYYATURAHMA | E98: DEMAK | F98: 43663 | G98: AHMAD ROFIK | H98: MASRUROH | I98: Perempuan | J98: https://drive.google.com/open?id=15rkxskjSSz2NXTeNdUa9TKNTwVqBehWa | K98: masruroh.adliadila0806@gmail.com | L98: EBTAQ25-03.116
A99: 45999.504 | B99: Demak | C99: Demak - TPQ BUQ | D99: MUHAMMAD FAHRIZ SETIAWAN | E99: DEMAK | F99: 41405 | G99: ZUHDI SETIAWAN ( ALMARHUM) | H99: NUR YANAH | I99: Laki-laki | J99: https://drive.google.com/open?id=1KQuO5b8LJslak9xPO8NLAwAtFV3OIQfx | K99: aalsa5551@gmail.com | L99: EBTAQ25-01.146 | M99: https://drive.google.com/file/d/18fhfPVEKzt-7NNZAcz00ExkCsVDMavRC/view?usp=drivesdk
A100: 45999.509 | B100: Demak | C100: Tpq Raudlatul muta'allimin | D100: Muhammad khoirul azam | E100: Demak | F100: 43448 | G100: Subakir | H100: Kusrini | I100: Laki-laki | J100: https://drive.google.com/open?id=1UTslcn3OyPqC4-G7Ke2WjORM43S3M58- | K100: kusrini1522@gmail.com | L100: EBTAQ25-01.147 | M100: https://drive.google.com/file/d/1i3dolt8FHQwFzMWIJsHijpnr_Ys1ZxfI/view?usp=drivesdk
A101: 45999.523 | B101: Demak | C101: DEMAK - SDIT AZZAHRA | D101: MASAYU REGINA RAHMAH | E101: Demak | F101: 41951 | G101: Achmat Munif | H101: Istiqomah | I101: Perempuan | J101: https://drive.google.com/open?id=1iDGuMOJoCZzFnl9NZiwe4w058dODbVqN | K101: fikianatul85@gmail.com | L101: EBTAQ25-01.148 | M101: https://drive.google.com/file/d/1ZSXqU6vxNag-BNj3AAUQtn7mzKYPQ0Ny/view?usp=drivesdk
A102: 45999.528 | B102: Karbon | C102: Karbon - Hidayatul Mubtadi'in | D102: FABIAN SATYA AJI NUGRAHA | E102: DEMAK | F102: 40593 | G102: BUDI UTOMO | H102: ETI YUNIA APITASARI | I102: Laki-laki | J102: https://drive.google.com/open?id=1XJd3VVyk8QxGnJMeU9hqWR1103vycfpc | K102: budiutomo57terus@gmail.com | L102: EBTAQ25-05.031
A103: 45999.559 | B103: Demak | C103: Demak - TPQ KH ALJAZERI | D103: Fadhil Yaqdan Nasrullah | E103: Demak | F103: 41756 | G103: Faizal Riza | H103: Nur Hasanah | I103: Laki-laki | J103: https://drive.google.com/open?id=1YoB_LfvFSJkdRfIgNvEHJrJ82JJVtzLq | K103: fadhilyaqdan193@gmail.com | L103: EBTAQ25-01.149 | M103: https://drive.google.com/file/d/1M92y7cSXlms9YYiXePQQBplnBiWpgOZP/view?usp=drivesdk
A104: 45999.561 | B104: Demak | C104: DEMAK - SDIT AZZAHRA | D104: ALESYA FATIM GHINARA | E104: DEMAK | F104: 42489 | G104: SURYO HADI WIBOWO | H104: DHUROHMAH | I104: Perempuan | J104: https://drive.google.com/open?id=1aA0qlxUCYTueZZSSKLcZHWrcO8eknZSY | K104: ziyadah.kunyik@gmail.com | L104: EBTAQ25-01.150 | M104: https://drive.google.com/file/d/14Go4fTBTqrN3sJF1t0fq4D2U1KhRgpua/view?usp=drivesdk
A105: 45999.564 | B105: Demak | C105: DEMAK - SDIT AZZAHRA | D105: ELVIRA ZAHWA ALESHA | E105: KUDUS | F105: 42382 | G105: ROIS ALI SYAHBANA | H105: LILIK MUSTAKFIROH | I105: Perempuan | J105: https://drive.google.com/open?id=1gPOJCOuwVVOrMQGPpLhV2Cba2Nyb-mam | K105: yayasanazzahrademak01@gmail.com | L105: EBTAQ25-01.151 | M105: https://drive.google.com/file/d/1_tiW0fHkk5MlTbxPfg66umBokEwoZP3q/view?usp=drivesdk
A106: 45999.568 | B106: Demak | C106: DEMAK - SDIT AZZAHRA | D106: ALYA APRIANA | E106: DEMAK | F106: 41019 | G106: DIDIK HARYANTO | H106: HARDbANTI SETIYO UTAMI | I106: Perempuan | J106: https://drive.google.com/open?id=1nmSTzMOPJ44ihLrZxIRF_IZH92i4-LBk | K106: yayasanazzahrademak02@gmail.com | L106: EBTAQ25-01.152 | M106: https://drive.google.com/file/d/17rWNyB45wcf_W7ybeJ8LJQCFPQT12Xrb/view?usp=drivesdk
A107: 45999.569 | B107: Karangga | C107: Karangga - Darul Hikam | D107: Ahmad anshori lubiz | E107: Demak | F107: 42281 | G107: Abdul Latif | H107: Farisatul muna | I107: Laki-laki | J107: https://drive.google.com/open?id=1WS21q1XEXuQ4H7Oqa4KS_Dk5fyaskRON | K107: ernawatiernawati2026@gmail.com | L107: EBTAQ25-04.001
A108: 45999.583 | B108: Demak | C108: DEMAK - SDIT AZZAHRA | D108: DANESH RAFASYA | E108: DEMAK | F108: 42161 | G108: CIPTO LEGOWO | H108: ERNA TRI PUJIASTUTI | I108: Perempuan | J108: https://drive.google.com/open?id=1BYanQ6byneB71NGnFyyfhABnxalIDwiS | K108: yayasanazzahrademak04@gmail.com | L108: EBTAQ25-01.153 | M108: https://drive.google.com/file/d/1lm7G6G0V-aMxLKnGbSeW2X4A_jqH-iOM/view?usp=drivesdk
A109: 45999.586 | B109: Demak | C109: DEMAK - SDIT AZZAHRA | D109: NABILA INDAH PERMATA | E109: DEMAK | F109: 41601 | G109: SUBARI | H109: NUR KHASANAH | I109: Perempuan | J109: https://drive.google.com/open?id=1UVzijFz4lEmIvBtcNJe6OIS5gcMBpGHv | K109: yayasanazzahrademak05@gmail.com | L109: EBTAQ25-01.154 | M109: https://drive.google.com/file/d/1DWZFOXTZAqDplh3IJnCE_0acd3Zg6KoV/view?usp=drivesdk
A110: 45999.589 | B110: Karangga | C110: Karangga - Darul Hikam | D110: Ahmad Syariful Hikam | E110: Wonorejo karang anyar Demak | F110: 42837 | G110: Kusmi'an | H110: Isa murniasih | I110: Laki-laki | J110: https://drive.google.com/open?id=1342vwLcyzMpIzUrphViCK0gn_cHiZeu6 | K110: syarifulhikam618@gmail.com | L110: EBTAQ25-04.002
A111: 45999.595 | B111: Demak | C111: DEMAK - SDIT AZZAHRA | D111: HAMDA SAKHIA ABDILLAH | E111: DEMAK | F111: 41616 | G111: RIF'AAN ABDILLAH | H111: NUR HASANAH | I111: Perempuan | J111: https://drive.google.com/open?id=17H8BpI3I7PNYOOKVpWbna3Aj94TINIQ2 | K111: sadiyah44@admin.sd.belajar.id | L111: EBTAQ25-01.155 | M111: https://drive.google.com/file/d/1OfSxwisVVx10Lewjhn3Jx8Rr2FjObqHA/view?usp=drivesdk
A112: 45999.599 | B112: Demak | C112: Demak - TPQ KH ALJAZERI | D112: ARDILA SEPTIANI | E112: Demak | F112: 41889 | G112: Drajad sigit marsinggih | H112: Nur faida | I112: Perempuan | J112: https://drive.google.com/open?id=1NamK3-RoRoqoHltzOfEB5hpZlZSZiJmj | K112: sigitdrajad@gmail.com | L112: EBTAQ25-01.156 | M112: https://drive.google.com/file/d/18z_AfrrI-iNwrYNgVLaSe4p7I4VdjRa4/view?usp=drivesdk
A113: 45999.6 | B113: Dewoka | C113: Dewoka - Nuzulur Rohmah | D113: IKLIL HADAYA ASYROFI | E113: Tanjungpinang | F113: 40962 | G113: PURWANTO | H113: DEVI VITA YULIAWATI | I113: Laki-laki | J113: https://drive.google.com/open?id=1MlnSIhIqnoxxdlSDZ-VDqpTu8S2Kjliw | K113: devivitayyuliawati@gmail.com | L113: EBTAQ25-03.117
A114: 45999.602 | B114: Dewoka | C114: Dewoka - Nurul Iman | D114: Aufa Khuliyyatun Nisak | E114: Demak | F114: 42540 | G114: Ahmad Mualip | H114: Ainur Rohmah | I114: Perempuan | J114: https://drive.google.com/open?id=1DKyLqwwUWKlOOpL8LSxkwSwAEqYiX60F | K114: diannuraidah878@gmail.com | L114: EBTAQ25-03.118
A115: 45999.618 | B115: Dewoka | C115: Dewoka - Nuzulur Rohmah | D115: Dina putri auliya | E115: Demak, Sidomulyo | F115: 41984 | G115: Sujari | H115: Ngatminah | I115: Perempuan | J115: https://drive.google.com/open?id=1NmOKzD-K_aekyGzoIbckTSlsGQ8_1xt4 | K115: sujarisujari307@gmail.com | L115: EBTAQ25-03.119
A116: 45999.624 | B116: Demak | C116: Demak - TPQ KH ALJAZERI | D116: Shofia naila saadah | E116: Demak | F116: 42591 | G116: Chairul Anam | H116: Khoirotun Nisa | I116: Perempuan | J116: https://drive.google.com/open?id=1L8m_8cl_sFHRLFbZwZzkm7-namnXLEIX | K116: anambakulanz@gmail.com | L116: EBTAQ25-01.157 | M116: https://drive.google.com/file/d/1HcEyh94zKpsfCz-umNAOEo9q1yzpG4KE/view?usp=drivesdk
A117: 45999.649 | B117: Demak | C117: Demak - TPQ KH ALJAZERI | D117: Atika Zahra Latifa | E117: demak | F117: 41776 | G117: ABDUL HADI | H117: TIKA IKHWAL MARYANA | I117: Perempuan | J117: https://drive.google.com/open?id=1PamQCl-1UGrXJd_GL2PdCKSX88P26c5V | K117: vinakecilllll1@gmail.com | L117: EBTAQ25-01.158 | M117: https://drive.google.com/file/d/1omsxK5rza8yumj28u0mzNAMZGjsEiyT6/view?usp=drivesdk
A118: 45999.651 | B118: Demak | C118: Demak - TPQ KH ALJAZERI | D118: Atika zahra latifa | E118: Demak | F118: 41776 | G118: Abdul hadi | H118: Tika ikhwal maryana | I118: Perempuan | J118: https://drive.google.com/open?id=1XmpuYd11stQ5C_wlAWa_xbpTyXXu7_-A | K118: safinazahra052@gmail.com | L118: EBTAQ25-01.159 | M118: https://drive.google.com/file/d/1lOzRiMbHi4yiGvzy7cGboHF1lps7CV2A/view?usp=drivesdk
A119: 45999.652 | B119: Demak | C119: Demak - TPQ KH ALJAZERI | D119: Naella Putri Olivia | E119: Semarang | F119: 41903 | G119: Muhammad muntoha | H119: Upik Nilawati | I119: Perempuan | J119: https://drive.google.com/open?id=1_NhMO69_Op17fTUS3dtet3fqctPIUw-k | K119: lalacicit11@gmail.com | L119: EBTAQ25-01.160 | M119: https://drive.google.com/file/d/1dAwqXUclQLlI1T8jyA5r6B0ASSlr5YON/view?usp=drivesdk
A120: 45999.653 | B120: Demak | C120: Demak - TPQ KH ALJAZERI | D120: JIHAN AZZAHRA | E120: DEMAK | F120: 41702 | G120: IPUNG TRI YUWANTORO | H120: RAMAYANTI | I120: Perempuan | J120: https://drive.google.com/open?id=11FypsBoZ20PagvxHBS7rWPoyQ1Xdbsja | K120: ipunk2281@gmail.com | L120: EBTAQ25-01.161 | M120: https://drive.google.com/file/d/1TmYgnt11tLuW-wd-fpUJNNongLZLtIsK/view?usp=drivesdk
A121: 45999.656 | B121: Demak | C121: Demak - TPQ KH ALJAZERI | D121: Murni Asih Ardianti | E121: Demak, Jawa tengah | F121: 41644 | G121: Zaenal Sodikin | H121: Dewi Ratnawati | I121: Perempuan | J121: https://drive.google.com/open?id=1tUsY2TeNRJhqNEOji5FiwEefPIZFoaIE | K121: mifta.tha26@gmail.com | L121: EBTAQ25-01.162 | M121: https://drive.google.com/file/d/1C0ppqcVAE73l1qoHaWlVQpzM4wbVRANl/view?usp=drivesdk
A122: 45999.66 | B122: Demak | C122: DEMAK - SDIT AZZAHRA | D122: RAFA DANI PEDROSA | E122: DEMAK | F122: 41634 | G122: MUSTAKIM | H122: UMI MAGHFIROH | I122: Laki-laki | J122: https://drive.google.com/open?id=1UQEsF6lhuqU9urCJ-ssDP54oU3blBW1z | K122: khilmiyatunnasikhah5@gmail.com | L122: EBTAQ25-01.163 | M122: https://drive.google.com/file/d/12caEkVjYU8s6bOYfREMOk5MnAGkqKkjK/view?usp=drivesdk
...

Sheet Lembar5
A1: 1 | B1: BMW - AL FALAH
A2: 2 | B2: BMW - AL KHOIRIYAH
A3: 3 | B3: BMW - AS-SA'IDIYYAH
A4: 4 | B4: BMW - AZZUMUT
A5: 5 | B5: BMW - DA'WATUL HAQ
A6: 6 | B6: BMW - HIDAYATUL MUBTADIIN
A7: 7 | B7: BMW - MATHOLIUL FALAH
A8: 8 | B8: BMW - ROUDHOTUS SYIFA
A9: 9 | B9: BMW - ROUDHOTUT THOLIBIN
A10: 10 | B10: BMW - SUBULUSSALAM
A11: 11 | B11: BMW - YANBU'UL QUR'AN
A12: 12 | B12: Demak - KBIT RA FADHOILUSYUKRIYYAH
... A58: 58 | B58: DEMAK - SDIT AZZAHRA
B59: BMW - Al Khoiriyah
B60: BMW - Al Khoiriyah
B61: BMW - As-Sa'idiyyah
B62: BMW - As-Sa'idiyyah
B63: BMW - As-Sa'idiyyah
B64: BMW - As-Sa'idiyyah
B65: BMW - As-Sa'idiyyah
B66: BMW - As-Sa'idiyyah
B67: BMW - As-Sa'idiyyah
B68: BMW - As-Sa'idiyyah
B69: BMW - As-Sa'idiyyah
B70: BMW - As-Sa'idiyyah
... B526: Demak - TPQ ITSBATU TAQWA

Sheet Lembar6
A1: NO | B1: LEMBAGA
A2: 1 | B2: BMW - AL FALAH
A3: 2 | B3: BMW - AL KHOIRIYAH
A4: 3 | B4: BMW - AS-SA'IDIYYAH
A5: 4 | B5: BMW - Azzumut Fatayat NU
A6: 5 | B6: BMW - DA'WATUL HAQ
A7: 6 | B7: BMW - HIDAYATUL MUBTADIIN
A8: 7 | B8: BMW - MATHOLIUL FALAH
A9: 8 | B9: BMW - ROUDHOTUS SYIFA
A10: 9 | B10: BMW - ROUDHOTUT THOLIBIN
A11: 10 | B11: BMW - SUBULUSSALAM
A12: 11 | B12: BMW - YANBU'UL QUR'AN
A13: 12 | B13: Demak - KBIT RA FADHOILUSYUKRIYYAH
... A81: 80 | B81: Karbon- Darussalam
B82: Tpq Raudlatul muta'allimin

Sheet Lembar7
A1: 99 | B1: EBTAQ25-01.064 | C1: CHINTYA BUNGA SYAFI'I | D1: Perempuan | E1: Demak | F1: 41770 | G1: IMAM SYAFI'I | H1: SUSI NUR FARIDA | I1: BIO_Images/EBTAQ25-01.064 - Salin.jpg | J1: Demak - TPQ ALURWATULWUSTQO | K1: Hadir
A2: 100 | B2: EBTAQ25-01.065 | C2: FAEYZA AQILAH DEWI | D2: Perempuan | E2: DEMAK | F2: 42025 | G2: WIYONO | H2: DESIANA PUSPITA SARI | I2: BIO_Images/EBTAQ25-01.065 - Salin.jpg | J2: Demak - TPQ ALURWATULWUSTQO | K2: Hadir
A3: 101 | B3: EBTAQ25-01.066 | C3: DELISHA AQEELA HERDHETA | D3: Perempuan | E3: KARANGANYAR | F3: 41780 | G3: HERI PANOTO | H3: DYAH FITASARI | I3: BIO_Images/EBTAQ25-01.066 - Salin.jpg | J3: Demak - TPQ ALURWATULWUSTQO | K3: Hadir
A4: 102 | B4: EBTAQ25-01.067 | C4: FATHIN ZUHRUFA HANTOYO PUTRI | D4: Perempuan | E4: SEMARANG | F4: 40682 | G4: SISWANDONO HANTOYO PUTRO | H4: MUSYAROFAH | I4: BIO_Images/EBTAQ25-01.067 - Salin.jpg | J4: Demak - TPQ ALURWATULWUSTQO | K4: Hadir
A5: 103 | B5: EBTAQ25-01.068 | C5: NAJWA KHAIRA WILDA | D5: Perempuan | E5: DEMAK | F5: 41734 | G5: SRIYONO | H5: NOOR SHOFIA LASTE | I5: BIO_Images/EBTAQ25-01.068 - Salin.jpg | J5: Demak - TPQ ALURWATULWUSTQO | K5: Hadir
A6: 104 | B6: EBTAQ25-01.069 | C6: ANINDITA RAFA AZZAHRA | D6: Perempuan | E6: DEMAK | F6: 41209 | G6: SUGENG PRIYADI | H6: DIAN PUJI ASTUTI | I6: BIO_Images/EBTAQ25-01.069 - Salin.jpg | J6: Demak - TPQ ALURWATULWUSTQO | K6: Hadir
A7: 1 | B7: EBTAQ25-01.014 | C7: ABDURRAHMAN | D7: Laki-laki | E7: Demak | F7: 42925 | G7: Trio Setiawan | H7: Mustaghfiroh | I7: BIO_Images/EBTAQ25-01.014 - Salin.jpg | J7: Demak - TPQ BUQ | K7: Hadir
A8: 8 | B8: EBTAQ25-01.015 | C8: ADE VINZA AL GHOZALI | D8: Laki-laki | E8: Demak | F8: 41734 | G8: Yudi Danarto | H8: Miftakhul Jannah | I8: BIO_Images/EBTAQ25-01.015.Foto.031211 - Salin.jpg | J8: Demak - TPQ BUQ | K8: Hadir
A9: 3 | B9: EBTAQ25-01.020 | C9: MAUREENATA SYAKIRA RASTRA | D9: Perempuan | E9: DEMAK | F9: 41776 | G9: SOLIKIN | H9: VIBRIA LISTHA ISLAMICA | I9: BIO_Images/EBTAQ25-01.020.Foto.031345 - Salin.jpg | J9: Demak - TPQ BUQ | K9: Hadir
A10: 4 | B10: EBTAQ25-01.021 | C10: FIKO PUTRA MAHENDRA | D10: Laki-laki | E10: DEMAK | F10: 42033 | G10: EKO PRIYANTO | H10: FITRI YUNITA SARI | I10: BIO_Images/EBTAQ25-01.021.Foto.031447 - Salin.jpg | J10: Demak - TPQ BUQ | K10: Hadir
A11: 5 | B11: EBTAQ25-01.022 | C11: RETNO ASTUTI DEWI | D11: Perempuan | E11: DEMAK | F11: 42456 | G11: TIGOR RAHMAN HAKIM | H11: WAHYU PUJI ASTUTI | I11: BIO_Images/EBTAQ25-01.022 - Salin.jpg | J11: Demak - TPQ BUQ | K11: Hadir
A12: 6 | B12: EBTAQ25-01.023 | C12: AUFAR FATIH EL MISHBAHI | D12: Laki-laki | E12: DEMAK | F12: 42020 | G12: ALI ARIFIN | H12: UMI KUSRIYATI | I12: BIO_Images/EBTAQ25-01.023 - Salin.jpg | J12: Demak - TPQ BUQ | K12: Hadir
... A227: 227 | B227: EBTAQ25-03.105 | C227: GIGIH PRADANA PUTRA WULANTORO | D227: Laki-laki | E227: Demak | F227: 41009 | G227: NURI CAHYO WULANTORO | H227: SITI ZULIATI | I227: BIO_Images/EBTAQ25-03.105.Foto.154908.jpg | J227: DEWOKA - LATANSA | K227: Hadir
A228: 228 | B228: EBTAQ25.03.009 | C228: ALFIAH JULIANTI | D228: Perempuan | E228: DEMAK | F228: 41826 | G228: ACHSANU ROHIM | H228: DEWI KHUSAEMAH | I228: BIO_Images/EBTAQ25-03.009.jpg | J228: BMW - Al Khoiriyah
A229: 229 | B229: EBTAQ25.03.010 | C229: NUFIKHO SOFARA KHOIRIYAH | D229: Perempuan | E229: DEMAK | F229: 41995 | G229: ACHMAD SIFULFAZI | H229: LAIKHATUN | I229: BIO_Images/EBTAQ25-03.010.jpg | J229: BMW - Al Khoiriyah
A230: 230 | B230: EBTAQ25.03.043 | C230: AZRIL RASYA ABQORY | D230: Laki-laki | E230: DEMAK | F230: 42478 | G230: AHMAD SUPRAPTO | H230: DURROTUN NI'MAH | I230: BIO_Images/EBTAQ25-03.043.jpg | J230: BMW - As-Sa'idiyyah
A231: 231 | B231: EBTAQ25.03.071 | C231: MUHAMMAD FAHMI AMMAR | D231: Laki-laki | E231: DEMAK | F231: 41758 | G231: ABU HASAN | H231: MUYASAROH | I231: BIO_Images/EBTAQ25-03.071.jpg | J231: BMW - As-Sa'idiyyah
A232: 232 | B232: EBTAQ25.03.072 | C232: AHMAD FERI AKBAR | D232: Laki-laki | E232: DEMAK | F232: 42047 | G232: NUR ROCHIM | H232: FARIDHOTUL CHASANAH | I232: BIO_Images/EBTAQ25-03.072.jpg | J232: BMW - As-Sa'idiyyah
A233: 233 | B233: EBTAQ25.03.074 | C233: BILQIS FAIHA RIFDA | D233: Perempuan | E233: DEMAK | F233: 41991 | G233: MUSRIAN | H233: SUYATI | I233: BIO_Images/EBTAQ25-03.074.jpg | J233: BMW - As-Sa'idiyyah
A234: 234 | B234: EBTAQ25.03.075 | C234: FARISYA FINATUL AGUSTINA | D234: Perempuan | E234: DEMAK | F234: 41868 | G234: MUHAMMAD ARIS | H234: NAFISSATUN NAJIKHAH | I234: BIO_Images/EBTAQ25-03.075.jpg | J234: BMW - As-Sa'idiyyah
A235: 235 | B235: EBTAQ25.03.076 | C235: INAYATUR ROHMAH | D235: Perempuan | E235: DEMAK | F235: 41913 | G235: HASAN BISRI | H235: NUR FAIZAH | I235: BIO_Images/EBTAQ25-03.076.jpg | J235: BMW - As-Sa'idiyyah
A236: 236 | B236: EBTAQ25.03.078 | C236: KIRANA 'AROFATUSYALISAH | D236: Perempuan | E236: DEMAK | F236: 41909 | G236: MUAYADI | H236: MUDAYANAH | I236: BIO_Images/EBTAQ25-03.078.jpg | J236: BMW - As-Sa'idiyyah
A237: 237 | B237: EBTAQ25.03.079 | C237: SAFEEA DAMAYANTI | D237: Perempuan | E237: DEMAK | F237: 42487 | G237: IMAM SAFI'I | H237: NIKMATUL IFAH | I237: BIO_Images/EBTAQ25-03.079.jpg | J237: BMW - As-Sa'idiyyah
A238: 238 | B238: EBTAQ25.03.080 | C238: TIKTA ZULIYANTI AYUNINGTYAS | D238: Perempuan | E238: DEMAK | F238: 41839 | G238: MUHSININ | H238: NANIK AINISAH | I238: BIO_Images/EBTAQ25-03.080.jpg | J238: BMW - As-Sa'idiyyah
A239: 239 | B239: EBTAQ25.03.081 | C239: AZKIA NAJIHA KIRANA | D239: Perempuan | E239: DEMAK | F239: 42173 | G239: HARYANTO | H239: MUSLIKHATUL HIDAYAH | I239: BIO_Images/EBTAQ25-03.081.jpg | J239: BMW - As-Sa'idiyyah
... A269: 270 | B269: EBTAQ25.03.025 | C269: Muhammad Syarif Hilmi | D269: Laki-laki | E269: Demak | F269: 42465 | G269: Ubaidillah | H269: Mujiatun | I269: BIO_Images/EBTAQ25-03.025.jpg | J269: BMW - Roudhotut Tholibin
A270: 271 | B270: EBTAQ25.03.096 | C270: Elsa Aninandia | D270: Perempuan | E270: Demak | F270: 42056 | G270: Suroso | H270: Nikmatul Khikmah | I270: #N/A | J270: BMW - Roudhotut Tholibin
A271: 272 | B271: EBTAQ25.03.027 | C271: Nadia Aulia | D271: Perempuan | E271: Demak | F271: 42642 | G271: Abdul shomad | H271: Rina susanti | I271: BIO_Images/EBTAQ25-03.027.jpg | J271: BMW - Roudhotut Tholibin
A272: 273 | B272: EBTAQ25.03.028 | C272: Fahril Maliqu Zhafran | D272: Laki-laki | E272: Demak | F272: 43172 | G272: Ahmad Malik | H272: Siti Khoiriyah | I272: BIO_Images/EBTAQ25-03.028.jpg | J272: BMW - Roudhotut Tholibin
A273: 274 | B273: EBTAQ25.03.029 | C273: Diah Puspita Sari | D273: Perempuan | E273: Demak | F273: 42792 | G273: NurHadi | H273: Tutik Ati | I273: BIO_Images/EBTAQ25-03.029.jpg | J273: BMW - Roudhotut Tholibin
A274: 275 | B274: EBTAQ25.03.032 | C274: Muhammad Ivan Ghifari | D274: Laki-laki | E274: Demak | F274: 42555 | G274: Marsono | H274: Siti Munawaroh | I274: BIO_Images/EBTAQ25-03.032.jpg | J274: BMW - Roudhotut Tholibin
A275: 276 | B275: EBTAQ25.03.047 | C275: Muhammad Ata Bahrul Labib | D275: Laki-laki | E275: Demak | F275: 42015 | G275: Ali Fachrudin | H275: Siti Khotijah | I275: BIO_Images/EBTAQ25-03.047.jpg | J275: BMW - Roudhotut Tholibin
A276: 277 | B276: EBTAQ25.03.049 | C276: Ida Ariful Jannah | D276: Perempuan | E276: Demak | F276: 42632 | G276: Ali Fatkan | H276: Nasroh | I276: BIO_Images/EBTAQ25-03.049.jpg | J276: BMW - Roudhotut Tholibin
A277: 278 | B277: EBTAQ25.03.050 | C277: Galeh Akmalul Albab | D277: Laki-laki | E277: Demak | F277: 42645 | G277: Ahmad Malik | H277: Siti Khoiriyah | I277: BIO_Images/EBTAQ25-03.050.jpg | J277: BMW - Roudhotut Tholibin
A278: 279 | B278: EBTAQ25.03.052 | C278: Muhammad Farid Hidayatulloh | D278: Laki-laki | E278: Demak | F278: 42034 | G278: Sri Tarmuji | H278: Sofiyah | I278: BIO_Images/EBTAQ25-03.052.jpg | J278: BMW - Roudhotut Tholibin
A279: 280 | B279: EBTAQ25.03.053 | C279: Muhammad Idham Kholid | D279: Laki-laki | E279: Demak | F279: 41983 | G279: Nur Taufiq | H279: Purwati | I279: BIO_Images/EBTAQ25-03.053.jpg | J279: BMW - Roudhotut Tholibin
A280: 281 | B280: EBTAQ25.03.054 | C280: Azfi Adibatuz zahra | D280: Perempuan | E280: Demak | F280: 42250 | G280: Abdul Aziz | H280: Nur Alfiatur Rohmaniah | I280: BIO_Images/EBTAQ25-03.054.jpg | J280: BMW - Roudhotut Tholibin
A281: 282 | B281: EBTAQ25.03.055 | C281: Farikha Hubbina Ilya | D281: Perempuan | E281: Demak | F281: 42770 | G281: Sobirin | H281: Siti Ainun | I281: BIO_Images/EBTAQ25-03.055.jpg | J281: BMW - Roudhotut Tholibin
A282: 283 | B282: EBTAQ25.03.056 | C282: Zakaria Ahmad | D282: Laki-laki | E282: Demak | F282: 41968 | G282: Musafak | H282: Siti Rukayah | I282: BIO_Images/EBTAQ25-03.056.jpg | J282: BMW - Roudhotut Tholibin
... A302: 303 | B302: EBTAQ25.03.003 | C302: AHMAD RAFIF AYDIN ALVARO | D302: Laki-laki | E302: JEPARA | F302: 43137 | G302: AHMAD SYUKRON | H302: SITI TRI ALFI | I302: BIO_Images/EBTAQ25-03.003.jpg | J302: BMW - Taisirul Qurro'
A303: 304 | B303: EBTAQ25.03.035 | C303: ZULFATUL ULIA | D303: Perempuan | E303: DEMAK | F303: 41945 | G303: MUHAMAD | H303: MUARIFAH | I303: #N/A | J303: BMW - Yanbu'ul Qur'an
A304: 305 | B304: EBTAQ25.03.039 | C304: MAULIDA SAMHA MAHIRA | D304: Perempuan | E304: DEMAK | F304: 41969 | G304: ANIS SOLEH AFENDI | H304: AINI NURUL AF'IDAH | I304: BIO_Images/EBTAQ25-03.039.jpg | J304: BMW - Yanbu'ul Qur'an
A305: 306 | B305: EBTAQ25.03.040 | C305: WILLIS GANESA PUTRI | D305: Laki-laki, Perempuan | E305: DEMAK | F305: 42316 | G305: SUTRISNO | H305: UMI FADLILAH | I305: BIO_Images/EBTAQ25-03.040.jpg | J305: BMW - Yanbu'ul Qur'an
A306: 307 | B306: EBTAQ25.03.042 | C306: RAHMA ARDI RAMADHANI | D306: Perempuan | E306: DEMAK | F306: 41824 | G306: SUHARDI | H306: ROFIAH | I306: BIO_Images/EBTAQ25-03.042.jpg | J306: BMW - Yanbu'ul Qur'an
A307: 308 | B307: EBTAQ25.03.044 | C307: ARNAWA BAHIROTUN NAZIKHA | D307: Perempuan | E307: Demak | F307: 43091 | G307: Rindin Ulin Nuha | H307: Mustainah | I307: BIO_Images/EBTAQ25-03.044.jpg | J307: BMW - Yanbu'ul Qur'an
A308: 309 | B308: EBTAQ25.03.045 | C308: AVA SHAKINA FITRI | D308: Perempuan | E308: Demak | F308: 42977 | G308: RIKHA LUTFI | H308: SRI WAHYUNI | I308: BIO_Images/EBTAQ25-03.045.jpg | J308: BMW - Yanbu'ul Qur'an
A309: 310 | B309: EBTAQ25.03.046 | C309: Rahma Ardi ramadhani | D309: Perempuan | E309: Demak | F309: 41824 | G309: Suhardi | H309: Rofiah | I309: BIO_Images/EBTAQ25-03.046.jpg | J309: BMW - Yanbu'ul Qur'an
A310: 311 | B310: EBTAQ25.03.048 | C310: ARNAWA BAHIROTUN NAZIKHA | D310: Perempuan | E310: Demak | F310: 43091 | G310: RINDIN ULIN NUHA | H310: MUSTAINAH | I310: BIO_Images/EBTAQ25-03.048.jpg | J310: BMW - Yanbu'ul Qur'an
A311: 312 | B311: EBTAQ25.03.051 | C311: AQILA ZAKIYATUL KHUSNAH | D311: Perempuan | E311: Demak | F311: 42422 | G311: SAIFUL MUAJAB | H311: ISTIANAH | I311: BIO_Images/EBTAQ25-03.051.jpg | J311: BMW - Yanbu'ul Qur'an
A312: 313 | B312: EBTAQ25.03.059 | C312: KHANZA AZZAHRA SAID | D312: Perempuan | E312: SEMARANG | F312: 42456 | G312: ANWAR SAID | H312: ROIKHATIN NI'MAH | I312: BIO_Images/EBTAQ25-03.059.jpg | J312: BMW - Yanbu'ul Qur'an
A313: 314 | B313: EBTAQ25.03.061 | C313: DWI RETNO ARUM | D313: Perempuan | E313: DEMAK | F313: 41682 | G313: MURTADHO | H313: MUKAYAROH | I313: BIO_Images/EBTAQ25-03.061.jpg | J313: BMW - Yanbu'ul Qur'an
A314: 315 | B314: EBTAQ25.03.064 | C314: MIKHAYLA KHANZA MURRASID | D314: Perempuan | E314: BALIKPAPAN | F314: 42364 | G314: HALIM MURRASID | H314: MARIA ULFA | I314: BIO_Images/EBTAQ25-03.064.jpg | J314: BMW - Yanbu'ul Qur'an
A315: 316 | B315: EBTAQ25.03.067 | C315: DALISHA LULU MUMTAZAH | D315: Perempuan | E315: DEMAK | F315: 42659 | G315: ABDUR ROUF | H315: SRI SULASTRI | I315: BIO_Images/EBTAQ25-03.067.jpg | J315: BMW - Yanbu'ul Qur'an
... A359: 360 | B359: EBTAQ25-01.188 | C359: Ayunindya Rahmatin Azzahra | D359: Perempuan | E359: Demak | F359: 42543 | G359: Khoirul Miftah | H359: Rikha Desy Ristiyani | I359: BIO_Images/EBTAQ25-01.188.jpg | J359: Demak - TPQ AL IMAN (KALIKONDANG)
A360: 361 | B360: EBTAQ25-01.332 | C360: RASENDRIYA RAKHA WIRAWAN | D360: Laki-laki | E360: DEMAk | F360: 40834 | G360: FHITHA DHORIEZ | H360: SRI JATMIKO SARI | I360: #N/A | J360: Demak - TPQ AL IMAN (KALIKONDANG)
A361: 362 | B361: EBTAQ25-01.189 | C361: FAKHRI RIZKI DESTANIAWAN | D361: Laki-laki | E361: DEMAK | F361: 41261 | G361: AGUS SETIYAWAN | H361: NIA SUSNIAWATI | I361: BIO_Images/EBTAQ25-01.189.jpg | J361: Demak - TPQ AL IMAN (KALIKONDANG)
A362: 363 | B362: EBTAQ25-01.218 | C362: Zidny 'Ilma Annayla | D362: Perempuan | E362: Demak | F362: 42921 | G362: KHOIRUN NIAM | H362: RINAWATI | I362: BIO_Images/EBTAQ25-01.218.jpg | J362: Demak - TPQ AL IMAN (KALIKONDANG)
A363: 364 | B363: EBTAQ25-01.113 | C363: Keisha Laila Fajrina | D363: Perempuan | E363: Demak | F363: 42488 | G363: Mohamad Fatkhan | H363: Sukinah | I363: BIO_Images/EBTAQ25-01.113.jpg | J363: Demak - TPQ ALHADID
A364: 365 | B364: EBTAQ25-01.114 | C364: ADELIA KHAIRA WILDA | D364: Perempuan | E364: DEMAK | F364: 42037 | G364: ZAENAL ABIDIN | H364: JIJIN TURIASIH | I364: BIO_Images/EBTAQ25-01.114.jpg | J364: Demak - TPQ ALHADID
A365: 366 | B365: EBTAQ25-01.115 | C365: Annisa faiha | D365: Perempuan | E365: Demak | F365: 42841 | G365: Kholil Bisri | H365: Himmatul Ulliya | I365: BIO_Images/EBTAQ25-01.115.jpg | J365: Demak - TPQ ALHADID
A366: 367 | B366: EBTAQ25-01.116 | C366: octafia ayu rahmawati | D366: Perempuan | E366: Demak | F366: 42307 | G366: purwadi | H366: saudah | I366: BIO_Images/EBTAQ25-01.116.jpg | J366: Demak - TPQ ALHADID
A367: 368 | B367: EBTAQ25-01.117 | C367: AQILA QURROTU A'YUN | D367: Perempuan | E367: Demak | F367: 42577 | G367: Sucipto | H367: Kholisoh | I367: BIO_Images/EBTAQ25-01.117.jpg | J367: Demak - TPQ ALHADID
A368: 369 | B368: EBTAQ25-01.118 | C368: Nurul Fauziyah Ramadhani | D368: Perempuan | E368: Demak | F368: 41482 | G368: Muhidin | H368: Sri kumaidah | I368: BIO_Images/EBTAQ25-01.118.jpg | J368: Demak - TPQ ALHADID
A369: 370 | B369: EBTAQ25-01.119 | C369: Aisya Faiha Maulidya | D369: Perempuan | E369: Demak | F369: 42729 | G369: Masri | H369: Kasiroh | I369: BIO_Images/EBTAQ25-01.119.jpg | J369: Demak - TPQ ALHADID
A370: 371 | B370: EBTAQ25-01.249 | C370: MARCHELIO PUTRA ARFANO | D370: Laki-laki | E370: DEMAK | F370: 42203 | G370: BILAL ADTYA KRISNA PUTRA | H370: IMELIA FATMA SATYA | I370: BIO_Images/EBTAQ25-01.249.jpeg | J370: Demak - TPQ ALHUSNA (MI)
A371: 372 | B371: EBTAQ25-01.250 | C371: Nabillah Damara Najmy Kallani | D371: Perempuan | E371: Demak | F371: 42733 | G371: Achmadi | H371: Dwi Puji Asmorodewi | I371: BIO_Images/EBTAQ25-01.250.jpg | J371: Demak - TPQ ALHUSNA (MI)
A372: 373 | B372: EBTAQ25-01.251 | C372: Ahmad Naufal Nabih | D372: Laki-laki | E372: Demak | F372: 41418 | G372: Akhmad Solikin | H372: Siti Lestari | I372: BIO_Images/EBTAQ25-01.251.jpg | J372: Demak - TPQ ALHUSNA (MI)
... A490: 490 | B490: EBTAQ25-01.167 | C490: ISHMAH FARADISA | D490: Perempuan | E490: ROKAN HULU | F490: 42703 | G490: M. ULIL ABSHOR | H490: MUNAWAROH | I490: BIO_Images/EBTAQ25-01.167.jpg | J490: Demak - TPQ Nuzulur Rohmah
A491: 491 | B491: EBTAQ25-01.310 | C491: ADRIAN PRADIPTA WIJAYA | D491: Laki-laki | E491: 42287 | F491: 42287 | G491: DANANG HARYANTO | H491: NIKMATUL INAYAH | I491: BIO_Images/EBTAQ25-01.310.jpg | J491: Demak - TPQ ROUDHOTUL JANNAH
A492: 492 | B492: EBTAQ25-01.289 | C492: Alayya Nahda Rafanda | D492: Perempuan | E492: Demak | F492: 42272 | G492: Sumber Kusnadi | H492: IRA SOFIANA | I492: BIO_Images/EBTAQ25-01.289.jpeg | J492: Demak - TPQ SULAMUNNAJAH
A493: 493 | B493: EBTAQ25-01.299 | C493: RHEA AINAYA SAPUTRA | D493: Perempuan | E493: Demak | F493: 42563 | G493: Lilik Dwi Saputro | H493: ANIK ANDRIANINGRUM | I493: BIO_Images/EBTAQ25-01.299.jpeg | J493: Demak - TPQ SULAMUNNAJAH
A494: 494 | B494: EBTAQ25-01.301 | C494: Wimala Nuriel Sefti Elysia | D494: Perempuan | E494: Klaten | F494: 42614 | G494: Iswanto | H494: Nur Kayati | I494: BIO_Images/EBTAQ25-01.301.jpeg | J494: Demak - TPQ SULAMUNNAJAH
A495: 495 | B495: EBTAQ25-01.138 | C495: Syaffira Maharani Putri Fie | D495: Perempuan | E495: Demak | F495: 41692 | G495: Fahruddin Lutfiei | H495: Eka Prasetya Ningrum | I495: BIO_Images/EBTAQ25-01.138.jpg | J495: Dewoka - Nuzulur Rohmah
A496: 496 | B496: EBTAQ25-01.214 | C496: Kanza Tichtania Akshafani Irawan | D496: Perempuan | E496: Demak | F496: 41531 | G496: IRAWAN NOOR ARIFIANTO | H496: IDA MUZANIFAH | I496: BIO_Images/EBTAQ25-01.214.jpg | J496: Karangga - Al Furqon
A497: 497 | B497: EBTAQ25-01.171 | C497: Muhammad Sultan Al Fatih | D497: Laki-laki | E497: Demak | F497: 41779 | G497: Sofi Luthfi | H497: Evi Khosiatul Kholisoh | I497: BIO_Images/EBTAQ25-01.171.jpg | J497: Karangga - Al Hikmah
A498: 498 | B498: EBTAQ25-01.213 | C498: Fitriana aida syifa | D498: Perempuan | E498: Demak | F498: 41548 | G498: Budi utomo | H498: Siti masroyah | I498: BIO_Images/EBTAQ25-01.213.jpg | J498: Karangga - Al Hikmah
A499: 499 | B499: EBTAQ25-01.219 | C499: Silvia adinda neng tias | D499: Perempuan | E499: Demak | F499: 45935 | G499: Ahmad nur hasyim | H499: Sulyati | I499: BIO_Images/EBTAQ25-01.219.jpg | J499: Karangga - Al Hikmah
A500: 500 | B500: EBTAQ25-01.221 | C500: Silvia Adinda Ningtias | D500: Perempuan | E500: Demak | F500: 41552 | G500: Ahmad Nur Hasyim | H500: Sulyati | I500: BIO_Images/EBTAQ25-01.221.jpg | J500: Karangga - Al Hikmah
A501: 501 | B501: EBTAQ25-01.222 | C501: Muhammad Farid Al Hafizh | D501: Laki-laki | E501: Demak | F501: 41752 | G501: Ali Sobirin | H501: Mariya ulfa | I501: BIO_Images/EBTAQ25-01.222.jpg | J501: Karangga - Al Hikmah
A502: 502 | B502: EBTAQ25-01.223 | C502: Muhammad Farid Al Hafizh | D502: Laki-laki | E502: Demak | F502: 41752 | G502: Ali Sobirin | H502: Mariya Ulfa | I502: BIO_Images/EBTAQ25-01.223.jpg | J502: Karangga - Al Hikmah
A503: 503 | B503: EBTAQ25-01.233 | C503: Novia Rahayu Mustovia | D503: Perempuan | E503: 11/26/2013 | F503: 46017 | G503: Agus Okto pramono | H503: Musripah | I503: BIO_Images/EBTAQ25-01.233.jpg | J503: Karangga - Al Hikmah
... A542: 542 | B542: EBTAQ25-01.147 | C542: Muhammad khoirul azam | D542: Laki-laki | E542: Demak | F542: 43448 | G542: Subakir | H542: Kusrini | I542: BIO_Images/EBTAQ25-01.147.jpg | J542: Tpq Raudlatul muta'allimin
A543: 543 | B543: EBTAQ25.03.118 | C543: Aufa Khuliyyatun Nisak | D543: Perempuan | E543: Demak | F543: 42540 | G543: Ahmad Mualip | H543: Ainur Rohmah | I543: #N/A | J543: Dewoka - Nurul Iman
A544: 544 | B544: EBTAQ25-03.129 | C544: SISCA OLIVIA | D544: Perempuan | E544: DEMAK | F544: 41545 | G544: MUSTHOFA | H544: MUNAFIAH | I544: #N/A | J544: Dewoka - Assalamah
A545: 545 | B545: EBTAQ25-03.131 | C545: RIZKY KHOIRUL KHAMDANI | D545: Laki-laki | E545: DEMAK | F545: 42087 | G545: MOH KHOIRI | H545: DESI KARTIKA SARI | I545: #N/A | J545: Dewoka - Assalamah
A546: 546 | B546: EBTAQ25-03.132 | C546: KAISA FARZANA ASFIA | D546: Perempuan | E546: DEMAK | F546: 42748 | G546: CHOLIQUL AHSAN | H546: DURROTUN NASHIHAH | I546: #N/A | J546: Dewoka - Assalamah
A547: 547 | B547: EBTAQ25-03.133 | C547: Ayunda Bella Orlin | D547: Perempuan | E547: Demak | F547: 42239 | G547: Mokhamad mustaqim | H547: Mutriah | I547: #N/A | J547: Dewoka - Assalamah
A548: 548 | B548: EBTAQ25-03.126 | C548: Earlyta Arsyfa Salsabila | D548: Perempuan | E548: Demak | F548: 42118 | G548: Ngasiran | H548: Siti Munafiah | I548: #N/A | J548: Dewoka - Nurul Iman
A549: 549 | B549: EBTAQ25-03.127 | C549: Muhammad Alfin ikhsanul Faqih | D549: Laki-laki | E549: Demak | F549: 41609 | G549: Mustofa | H549: Siti khotijah | I549: #N/A | J549: Dewoka - Nurul Iman
A550: 550 | B550: EBTAQ25-03.128 | C550: DZAKIRA TALITA RAFANI | D550: Perempuan | E550: Demak | F550: 42137 | G550: Purnomo | H550: Ina Yatus Solekah | I550: #N/A | J550: Dewoka - Nurul Iman
A551: 551 | B551: EBTAQ25-03.130 | C551: HANIFA NUR FIDA | D551: Perempuan | E551: Demak | F551: 41436 | G551: Dwi Susanto | H551: Siti Nurjanah | I551: #N/A | J551: Dewoka - Nurul Iman
A552: 552 | B552: EBTAQ25-03.134 | C552: Lazinatul Maulidya | D552: Perempuan | E552: Demak | F552: 43085 | G552: Ngasiran | H552: Siti Munafiah | I552: #N/A | J552: Dewoka - Nurul Iman
A553: 553 | B553: EBTAQ25-03.135 | C553: Alifiya Nuril Ilma | D553: Perempuan | E553: Demak | F553: 42055 | G553: Muhamad shokip | H553: Sukris irnawati | I553: #N/A | J553: Dewoka - Nurul Iman
A554: 554 | B554: EBTAQ25-03.136 | C554: fahriza irsad malik | D554: Laki-laki | E554: Demak | F554: 42420 | G554: Mustofa | H554: Siti khotijah | I554: #N/A | J554: Dewoka - Nurul Iman
... A573: 573 | B573: EBTAQ25.03.114 | C573: Zafira Ayunda Rahmadani | D573: Perempuan | E573: Demak | F573: 43587 | G573: Dany Yuliantoko | H573: Ayu Dya Safitri | I573: #N/A | J573: Dewoka - Roudlotul Muta'allimin
B574: EBTAQ25.03.115 | C574: Alma Putri Hanifa | D574: Perempuan | E574: Demak | F574: 43543 | G574: Achmad Sodiq | H574: Nurul Umah | I574: #N/A | J574: Dewoka - Roudlotul Muta'allimin
B575: EBTAQ25.03.116 | C575: ADILA KEISHA FATHIYYATURAHMA | D575: Perempuan | E575: DEMAK | F575: 43663 | G575: AHMAD ROFIK | H575: MASRUROH | I575: #N/A | J575: Dewoka - Roudlotul Muta'allimin
B576: EBTAQ25.03.123 | C576: Na'ilatul izzah | D576: Perempuan | E576: Grobogan | F576: 43922 | G576: Muh Arwani | H576: Siti Mundakiroh | I576: #N/A | J576: Dewoka - Roudlotul Muta'allimin
B577: EBTAQ25-04.064 | C577: AQILA SALMA WARDANI | D577: Perempuan | E577: Kudus | F577: 42171 | G577: SUHARTOYO | H577: NUR AENI | I577: #N/A | J577: Karangga - Al Furqon
B578: EBTAQ25-04.066 | C578: Zian Syahrul Ramadhan | D578: Laki-laki | E578: Demak | F578: 42187 | G578: Darmo Sutoyo | H578: Nida Evitria | I578: #N/A | J578: Karangga - Al Furqon
...

Sheet Lembar2 (2)
A1: Timestamp | B1: Pilih Korcam | C1: Asal Lembaga / TPQ | D1: Nama Lengkap (Sesuai Akta) | E1: Tempat Lahir | F1: Tanggal Lahir | G1: Nama Ayah | H1: Nama Ibu | I1: Jenis Kelamin | J1: Kirim Pas Foto Ukuran PostCard | K1: Email Address | L1: ID Pendaftaran | M1: Link PDF | N1: No. | O1: ID Peserta | P1: Nama Lengkap | Q1: L/P | R1: TEMPAT LAHIR | S1: TANGGAL LAHIR | T1: BIN | U1: BINTI | V1: Foto | W1: Asal Lembaga | X1: Kehadiran | Y1: ACAK | Z1: SOAL GRB
A2: 45999.312 | B2: BMW | C2: BMW - Al Khoiriyah | D2: ALFIAH JULIANTI | E2: DEMAK | F2: 41826 | G2: ACHSANU ROHIM | H2: DEWI KHUSAEMAH | I2: Perempuan | J2: https://drive.google.com/open?id=1psFhggJNjW0Q06-AS_03545oWNwba2eD | K2: aryfin@gmail.com | L2: EBTAQ25-03.009 | M2: https://drive.google.com/file/d/1tYqDdTv8EqNUN0WZnu_2Epzf1tel6Eko/view?usp=drivesdk | N2: 228 | O2: =L2 -> EBTAQ25-03.009 | P2: =D2 -> ALFIAH JULIANTI | Q2: =I2 -> Perempuan | R2: =E2 -> DEMAK | S2: =F2 -> 41826 | T2: =G2 -> ACHSANU ROHIM | U2: =H2 -> DEWI KHUSAEMAH | V2: =VLOOKUP(O2,Lembar1!$A$4:$H$457,8,FALSE) -> BIO_Images/EBTAQ25-03.009.jpg | W2: =IFERROR(VLOOKUP(O2,Lembar1!$A$4:$I$457,9,FALSE),C2) -> BMW - Al Khoiriyah
A3: 45999.32 | B3: BMW | C3: BMW - Al Khoiriyah | D3: NUFIKHO SOFARA KHOIRIYAH | E3: DEMAK | F3: 41995 | G3: ACHMAD SIFULFAZI | H3: LAIKHATUN | I3: Perempuan | J3: https://drive.google.com/open?id=1s3LFdyMeqFalnRmaui5QMwT40phv-BJm | K3: andarunawa@gmail.com | L3: EBTAQ25-03.010 | M3: https://drive.google.com/file/d/1Q7S0_V5biKLuwb1gcwjgfACk3ZJm-nuE/view?usp=drivesdk | N3: 229 | O3: =L3 -> EBTAQ25-03.010 | P3: =D3 -> NUFIKHO SOFARA KHOIRIYAH | Q3: =I3 -> Perempuan | R3: =E3 -> DEMAK | S3: =F3 -> 41995 | T3: =G3 -> ACHMAD SIFULFAZI | U3: =H3 -> LAIKHATUN | V3: =VLOOKUP(O3,Lembar1!$A$4:$H$457,8,FALSE) -> BIO_Images/EBTAQ25-03.010.jpg | W3: =IFERROR(VLOOKUP(O3,Lembar1!$A$4:$I$457,9,FALSE),C3) -> BMW - Al Khoiriyah
A4: 46000.722 | B4: BMW | C4: BMW - As-Sa'idiyyah | D4: AZRIL RASYA ABQORY | E4: DEMAK | F4: 42478 | G4: AHMAD SUPRAPTO | H4: DURROTUN NI'MAH | I4: Laki-laki | J4: https://drive.google.com/open?id=1ToQh-zRpk_WlpucmnutVYAyqHT-2h9kZ | K4: fafaku.azrilku@gmail.com | L4: EBTAQ25-03.043 | M4: https://drive.google.com/file/d/1KVJXyVB8D5Q5YINHbL92hcDbcZCItrwL/view?usp=drivesdk | N4: 230 | O4: =L4 -> EBTAQ25-03.043 | P4: =D4 -> AZRIL RASYA ABQORY | Q4: =I4 -> Laki-laki | R4: =E4 -> DEMAK | S4: =F4 -> 42478 | T4: =G4 -> AHMAD SUPRAPTO | U4: =H4 -> DURROTUN NI'MAH | V4: =VLOOKUP(O4,Lembar1!$A$4:$H$457,8,FALSE) -> BIO_Images/EBTAQ25-03.043.jpg | W4: =IFERROR(VLOOKUP(O4,Lembar1!$A$4:$I$457,9,FALSE),C4) -> BMW - As-Sa'idiyyah
A5: 46001.703 | B5: BMW | C5: BMW - As-Sa'idiyyah | D5: MUHAMMAD FAHMI AMMAR | E5: DEMAK | F5: 41758 | G5: ABU HASAN | H5: MUYASAROH | I5: Laki-laki | J5: https://drive.google.com/open?id=1YxamQuGn0RJyCNFoEPZglloBjiyHVl6i | K5: fafadanazril22@gmail.com | L5: EBTAQ25-03.071 | M5: https://drive.google.com/file/d/1qi-vv_6z7GqG663FLwk0avfQMoAO2zer/view?usp=drivesdk | N5: 231 | O5: =L5 -> EBTAQ25-03.071 | P5: =D5 -> MUHAMMAD FAHMI AMMAR | Q5: =I5 -> Laki-laki | R5: =E5 -> DEMAK | S5: =F5 -> 41758 | T5: =G5 -> ABU HASAN | U5: =H5 -> MUYASAROH | V5: =VLOOKUP(O5,Lembar1!$A$4:$H$457,8,FALSE) -> BIO_Images/EBTAQ25-03.071.jpg | W5: =IFERROR(VLOOKUP(O5,Lembar1!$A$4:$I$457,9,FALSE),C5) -> BMW - As-Sa'idiyyah
A6: 46001.71 | B6: BMW | C6: BMW - As-Sa'idiyyah | D6: AHMAD FERI AKBAR | E6: DEMAK | F6: 42047 | G6: NUR ROCHIM | H6: FARIDHOTUL CHASANAH | I6: Laki-laki | J6: https://drive.google.com/open?id=1SDaqqz8FjmLECG_PwZoqNVbdvUH_ztDm | K6: fafaku.azrilku@gmail.com | L6: EBTAQ25-03.072 | M6: https://drive.google.com/file/d/1H28NfUdkQZJPZC658PXlqP1IwKwXp6bN/view?usp=drivesdk | N6: 232 | O6: =L6 -> EBTAQ25-03.072 | P6: =D6 -> AHMAD FERI AKBAR | Q6: =I6 -> Laki-laki | R6: =E6 -> DEMAK | S6: =F6 -> 42047 | T6: =G6 -> NUR ROCHIM | U6: =H6 -> FARIDHOTUL CHASANAH | V6: =VLOOKUP(O6,Lembar1!$A$4:$H$457,8,FALSE) -> BIO_Images/EBTAQ25-03.072.jpg | W6: =IFERROR(VLOOKUP(O6,Lembar1!$A$4:$I$457,9,FALSE),C6) -> BMW - As-Sa'idiyyah
A7: 46001.722 | B7: BMW | C7: BMW - As-Sa'idiyyah | D7: BILQIS FAIHA RIFDA | E7: DEMAK | F7: 41991 | G7: MUSRIAN | H7: SUYATI | I7: Perempuan | J7: https://drive.google.com/open?id=1u4o_UvKvF0x01zSTBUeEJEoT5rrIyOlJ | K7: fafadanazril22@gmail.com | L7: EBTAQ25-03.074 | M7: https://drive.google.com/file/d/1Q9cNyDoOfzPY-luHMgtAriDdcgFoCxTr/view?usp=drivesdk | N7: 233 | O7: =L7 -> EBTAQ25-03.074 | P7: =D7 -> BILQIS FAIHA RIFDA | Q7: =I7 -> Perempuan | R7: =E7 -> DEMAK | S7: =F7 -> 41991 | T7: =G7 -> MUSRIAN | U7: =H7 -> SUYATI | V7: =VLOOKUP(O7,Lembar1!$A$4:$H$457,8,FALSE) -> BIO_Images/EBTAQ25-03.074.jpg | W7: =IFERROR(VLOOKUP(O7,Lembar1!$A$4:$I$457,9,FALSE),C7) -> BMW - As-Sa'idiyyah
A8: 46001.732 | B8: BMW | C8: BMW - As-Sa'idiyyah | D8: FARISYA FINATUL AGUSTINA | E8: DEMAK | F8: 41868 | G8: MUHAMMAD ARIS | H8: NAFISSATUN NAJIKHAH | I8: Perempuan | J8: https://drive.google.com/open?id=1r8lhsDsZB1mTBwxbps_rfzhzJYlY8199 | K8: fafaku.azrilku@gmail.com | L8: EBTAQ25-03.075 | M8: https://drive.google.com/file/d/1_G3dVgQT0XgbYp49Gl0xbP79ZTtsMyKu/view?usp=drivesdk | N8: 234 | O8: =L8 -> EBTAQ25-03.075 | P8: =D8 -> FARISYA FINATUL AGUSTINA | Q8: =I8 -> Perempuan | R8: =E8 -> DEMAK | S8: =F8 -> 41868 | T8: =G8 -> MUHAMMAD ARIS | U8: =H8 -> NAFISSATUN NAJIKHAH | V8: =VLOOKUP(O8,Lembar1!$A$4:$H$457,8,FALSE) -> BIO_Images/EBTAQ25-03.075.jpg | W8: =IFERROR(VLOOKUP(O8,Lembar1!$A$4:$I$457,9,FALSE),C8) -> BMW - As-Sa'idiyyah
A9: 46001.739 | B9: BMW | C9: BMW - As-Sa'idiyyah | D9: INAYATUR ROHMAH | E9: DEMAK | F9: 41913 | G9: HASAN BISRI | H9: NUR FAIZAH | I9: Perempuan | J9: https://drive.google.com/open?id=1P9GETMCZuDRzZgKdSxk5zWGFoSP12QmI | K9: fafadanazril22@gmail.com | L9: EBTAQ25-03.076 | M9: https://drive.google.com/file/d/1XLqS-qxRGn3ITe-SMnlvv2igpXOWpXck/view?usp=drivesdk | N9: 235 | O9: =L9 -> EBTAQ25-03.076 | P9: =D9 -> INAYATUR ROHMAH | Q9: =I9 -> Perempuan | R9: =E9 -> DEMAK | S9: =F9 -> 41913 | T9: =G9 -> HASAN BISRI | U9: =H9 -> NUR FAIZAH | V9: =VLOOKUP(O9,Lembar1!$A$4:$H$457,8,FALSE) -> BIO_Images/EBTAQ25-03.076.jpg | W9: =IFERROR(VLOOKUP(O9,Lembar1!$A$4:$I$457,9,FALSE),C9) -> BMW - As-Sa'idiyyah
A10: 46001.747 | B10: BMW | C10: BMW - As-Sa'idiyyah | D10: KIRANA 'AROFATUSYALISAH | E10: DEMAK | F10: 41909 | G10: MUAYADI | H10: MUDAYANAH | I10: Perempuan | J10: https://drive.google.com/open?id=1LQ3SXlZFH3Kriut1xpptlTEswZCHq4A0 | K10: fafadanazril22@gmail.com | L10: EBTAQ25-03.078 | M10: https://drive.google.com/file/d/122Wnl2IaBaRm_dHwwNkaH72w63JJAxnk/view?usp=drivesdk | N10: 236 | O10: =L10 -> EBTAQ25-03.078 | P10: =D10 -> KIRANA 'AROFATUSYALISAH | Q10: =I10 -> Perempuan | R10: =E10 -> DEMAK | S10: =F10 -> 41909 | T10: =G10 -> MUAYADI | U10: =H10 -> MUDAYANAH | V10: =VLOOKUP(O10,Lembar1!$A$4:$H$457,8,FALSE) -> BIO_Images/EBTAQ25-03.078.jpg | W10: =IFERROR(VLOOKUP(O10,Lembar1!$A$4:$I$457,9,FALSE),C10) -> BMW - As-Sa'idiyyah
A11: 46001.748 | B11: BMW | C11: BMW - As-Sa'idiyyah | D11: SAFEEA DAMAYANTI | E11: DEMAK | F11: 42487 | G11: IMAM SAFI'I | H11: NIKMATUL IFAH | I11: Perempuan | J11: https://drive.google.com/open?id=1YWO7rWiFVnhn0tRv8W3X-a00y4gtsNI4 | K11: marifatul130400@gmail.com | L11: EBTAQ25-03.079 | M11: https://drive.google.com/file/d/1CsDHw_Y0ENfNgBeVOAtQExjyf6WmjcdN/view?usp=drivesdk | N11: 237 | O11: =L11 -> EBTAQ25-03.079 | P11: =D11 -> SAFEEA DAMAYANTI | Q11: =I11 -> Perempuan | R11: =E11 -> DEMAK | S11: =F11 -> 42487 | T11: =G11 -> IMAM SAFI'I | U11: =H11 -> NIKMATUL IFAH | V11: =VLOOKUP(O11,Lembar1!$A$4:$H$457,8,FALSE) -> BIO_Images/EBTAQ25-03.079.jpg | W11: =IFERROR(VLOOKUP(O11,Lembar1!$A$4:$I$457,9,FALSE),C11) -> BMW - As-Sa'idiyyah
A12: 46001.752 | B12: BMW | C12: BMW - As-Sa'idiyyah | D12: TIKTA ZULIYANTI AYUNINGTYAS | E12: DEMAK | F12: 41839 | G12: MUHSININ | H12: NANIK AINISAH | I12: Perempuan | J12: https://drive.google.com/open?id=1Us9NmwNeMDot6NKD1jcBov-79KpCK0LS | K12: marifatul130400@gmail.com | L12: EBTAQ25-03.080 | M12: https://drive.google.com/file/d/12bgeSg1D0jwQYKdANzZqhao6jrBa5rj1/view?usp=drivesdk | N12: 238 | O12: =L12 -> EBTAQ25-03.080 | P12: =D12 -> TIKTA ZULIYANTI AYUNINGTYAS | Q12: =I12 -> Perempuan | R12: =E12 -> DEMAK | S12: =F12 -> 41839 | T12: =G12 -> MUHSININ | U12: =H12 -> NANIK AINISAH | V12: =VLOOKUP(O12,Lembar1!$A$4:$H$457,8,FALSE) -> BIO_Images/EBTAQ25-03.080.jpg | W12: =IFERROR(VLOOKUP(O12,Lembar1!$A$4:$I$457,9,FALSE),C12) -> BMW - As-Sa'idiyyah
A13: 46001.765 | B13: BMW | C13: BMW - As-Sa'idiyyah | D13: AZKIA NAJIHA KIRANA | E13: DEMAK | F13: 42173 | G13: HARYANTO | H13: MUSLIKHATUL HIDAYAH | I13: Perempuan | J13: https://drive.google.com/open?id=1W8hDgK5sI05j5MzPA1OqlLedyPVaqiKk | K13: fafadanazril22@gmail.com | L13: EBTAQ25-03.081 | M13: https://drive.google.com/file/d/12aZMPf1D_MeDn9BkArXfPv7K6yBt1XSz/view?usp=drivesdk | N13: 239 | O13: =L13 -> EBTAQ25-03.081 | P13: =D13 -> AZKIA NAJIHA KIRANA | Q13: =I13 -> Perempuan | R13: =E13 -> DEMAK | S13: =F13 -> 42173 | T13: =G13 -> HARYANTO | U13: =H13 -> MUSLIKHATUL HIDAYAH | V13: =VLOOKUP(O13,Lembar1!$A$4:$H$457,8,FALSE) -> BIO_Images/EBTAQ25-03.081.jpg | W13: =IFERROR(VLOOKUP(O13,Lembar1!$A$4:$I$457,9,FALSE),C13) -> BMW - As-Sa'idiyyah
... A43: 46000.655 | B43: BMW | C43: BMW - Roudhotut Tholibin | D43: Muhammad Syarif Hilmi | E43: Demak | F43: 42465 | G43: Ubaidillah | H43: Mujiatun | I43: Laki-laki | J43: https://drive.google.com/open?id=1bJY29P4Hyr6NOH3T8DfQ_hK_CpWR1CXd | K43: nadaqotrun104@gmail.com | L43: EBTAQ25-03.025 | M43: https://drive.google.com/file/d/1BsTihhjLHNs1UGk6KX2UgG82JMZDPGlh/view?usp=drivesdk | N43: 269 | O43: =L43 -> EBTAQ25-03.025 | P43: =D43 -> Muhammad Syarif Hilmi | Q43: =I43 -> Laki-laki | R43: =E43 -> Demak | S43: =F43 -> 42465 | T43: =G43 -> Ubaidillah | U43: =H43 -> Mujiatun | V43: =VLOOKUP(O43,Lembar1!$A$4:$H$457,8,FALSE) -> BIO_Images/EBTAQ25-03.025.jpg | W43: =IFERROR(VLOOKUP(O43,Lembar1!$A$4:$I$457,9,FALSE),C43) -> BMW - Roudhotut Tholibin
A44: 45999.5 | B44: Dewoka | C44: Dewoka - Roudlotul Muta'allimin | D44: ADILA KEISHA FATHIYYATURAHMA | E44: DEMAK | F44: 43663 | G44: AHMAD ROFIK | H44: MASRUROH | I44: Perempuan | J44: https://drive.google.com/open?id=15rkxskjSSz2NXTeNdUa9TKNTwVqBehWa | K44: masruroh.adliadila0806@gmail.com | L44: EBTAQ25-03.116 | N44: 575 | O44: =L44 -> EBTAQ25-03.116 | P44: =D44 -> ADILA KEISHA FATHIYYATURAHMA | Q44: =I44 -> Perempuan | R44: =E44 -> DEMAK | S44: =F44 -> 43663 | T44: =G44 -> AHMAD ROFIK | U44: =H44 -> MASRUROH | V44: =VLOOKUP(O44,Lembar1!$A$4:$H$457,8,FALSE) -> #N/A | W44: =IFERROR(VLOOKUP(O44,Lembar1!$A$4:$I$457,9,FALSE),C44) -> Dewoka - Roudlotul Muta'allimin
A45: 46000.659 | B45: BMW | C45: BMW - Roudhotut Tholibin | D45: Nadia Aulia | E45: Demak | F45: 42642 | G45: Abdul shomad | H45: Rina susanti | I45: Perempuan | J45: https://drive.google.com/open?id=1sJka06hz1lTIoo_4WAvZUeqf9CNxRJs6 | K45: rinasusanti2909@gmail.com | L45: EBTAQ25-03.027 | M45: https://drive.google.com/file/d/1PFRCt8sycm8AWpyalh9WXadPHHz93pp0/view?usp=drivesdk | N45: 271 | O45: =L45 -> EBTAQ25-03.027 | P45: =D45 -> Nadia Aulia | Q45: =I45 -> Perempuan | R45: =E45 -> Demak | S45: =F45 -> 42642 | T45: =G45 -> Abdul shomad | U45: =H45 -> Rina susanti | V45: =VLOOKUP(O45,Lembar1!$A$4:$H$457,8,FALSE) -> BIO_Images/EBTAQ25-03.027.jpg | W45: =IFERROR(VLOOKUP(O45,Lembar1!$A$4:$I$457,9,FALSE),C45) -> BMW - Roudhotut Tholibin
A46: 46000.67 | B46: BMW | C46: BMW - Roudhotut Tholibin | D46: Fahril Maliqu Zhafran | E46: Demak | F46: 43172 | G46: Ahmad Malik | H46: Siti Khoiriyah | I46: Laki-laki | J46: https://drive.google.com/open?id=1HEx10enPo6frq_AJPHc6-IeeM418wL9I | K46: ahmadmalik050590@gmail.com | L46: EBTAQ25-03.028 | M46: https://drive.google.com/file/d/1k6IYdYTdDI7dCSqwIsbSdTJCwf5Xx9Rm/view?usp=drivesdk | N46: 272 | O46: =L46 -> EBTAQ25-03.028 | P46: =D46 -> Fahril Maliqu Zhafran | Q46: =I46 -> Laki-laki | R46: =E46 -> Demak | S46: =F46 -> 43172 | T46: =G46 -> Ahmad Malik | U46: =H46 -> Siti Khoiriyah | V46: =VLOOKUP(O46,Lembar1!$A$4:$H$457,8,FALSE) -> BIO_Images/EBTAQ25-03.028.jpg | W46: =IFERROR(VLOOKUP(O46,Lembar1!$A$4:$I$457,9,FALSE),C46) -> BMW - Roudhotut Tholibin
A47: 46000.672 | B47: BMW | C47: BMW - Roudhotut Tholibin | D47: Diah Puspita Sari | E47: Demak | F47: 42792 | G47: NurHadi | H47: Tutik Ati | I47: Perempuan | J47: https://drive.google.com/open?id=17EEc6CzR6prbfFv1kleglCFLB_hCsxhR | K47: baguswaloyo344@gmail.com | L47: EBTAQ25-03.029 | M47: https://drive.google.com/file/d/1lMWrx9-L3t7GFshX_LhJfnVwlCggsaOO/view?usp=drivesdk | N47: 273 | O47: =L47 -> EBTAQ25-03.029 | P47: =D47 -> Diah Puspita Sari | Q47: =I47 -> Perempuan | R47: =E47 -> Demak | S47: =F47 -> 42792 | T47: =G47 -> NurHadi | U47: =H47 -> Tutik Ati | V47: =VLOOKUP(O47,Lembar1!$A$4:$H$457,8,FALSE) -> BIO_Images/EBTAQ25-03.029.jpg | W47: =IFERROR(VLOOKUP(O47,Lembar1!$A$4:$I$457,9,FALSE),C47) -> BMW - Roudhotut Tholibin
A48: 46000.688 | B48: BMW | C48: BMW - Roudhotut Tholibin | D48: Muhammad Ivan Ghifari | E48: Demak | F48: 42555 | G48: Marsono | H48: Siti Munawaroh | I48: Laki-laki | J48: https://drive.google.com/open?id=1k8ueO6yCN0DWKilhfSP32GfeoWfsDvqW | K48: narutoxsasuke146@gmail.com | L48: EBTAQ25-03.032 | M48: https://drive.google.com/file/d/1KyVe3dDw8jnaOt4v9gRW5LEc6wwmFXmC/view?usp=drivesdk | N48: 274 | O48: =L48 -> EBTAQ25-03.032 | P48: =D48 -> Muhammad Ivan Ghifari | Q48: =I48 -> Laki-laki | R48: =E48 -> Demak | S48: =F48 -> 42555 | T48: =G48 -> Marsono | U48: =H48 -> Siti Munawaroh | V48: =VLOOKUP(O48,Lembar1!$A$4:$H$457,8,FALSE) -> BIO_Images/EBTAQ25-03.032.jpg | W48: =IFERROR(VLOOKUP(O48,Lembar1!$A$4:$I$457,9,FALSE),C48) -> BMW - Roudhotut Tholibin
A49: 46001.6 | B49: BMW | C49: BMW - Roudhotut Tholibin | D49: Muhammad Ata Bahrul Labib | E49: Demak | F49: 42015 | G49: Ali Fachrudin | H49: Siti Khotijah | I49: Laki-laki | J49: https://drive.google.com/open?id=1jwli2HKtzrip8zRQSIquq0dNbrSxqyMO | K49: tiaraulyasalsabila80@gmail.com | L49: EBTAQ25-03.047 | M49: https://drive.google.com/file/d/10N9HSptURbE8NgN9WkbLtPgWznObA4wz/view?usp=drivesdk | N49: 275 | O49: =L49 -> EBTAQ25-03.047 | P49: =D49 -> Muhammad Ata Bahrul Labib | Q49: =I49 -> Laki-laki | R49: =E49 -> Demak | S49: =F49 -> 42015 | T49: =G49 -> Ali Fachrudin | U49: =H49 -> Siti Khotijah | V49: =VLOOKUP(O49,Lembar1!$A$4:$H$457,8,FALSE) -> BIO_Images/EBTAQ25-03.047.jpg | W49: =IFERROR(VLOOKUP(O49,Lembar1!$A$4:$I$457,9,FALSE),C49) -> BMW - Roudhotut Tholibin
A50: 46001.604 | B50: BMW | C50: BMW - Roudhotut Tholibin | D50: Ida Ariful Jannah | E50: Demak | F50: 42632 | G50: Ali Fatkan | H50: Nasroh | I50: Perempuan | J50: https://drive.google.com/open?id=1gpIO81XFXelIA31Y9dwAX3Qfyzr7lSGs | K50: alifatkan10@gmail.com | L50: EBTAQ25-03.049 | M50: https://drive.google.com/file/d/1MqEIHa6xN_4kdYW5Amc9dlH5NJahBWFa/view?usp=drivesdk | N50: 276 | O50: =L50 -> EBTAQ25-03.049 | P50: =D50 -> Ida Ariful Jannah | Q50: =I50 -> Perempuan | R50: =E50 -> Demak | S50: =F50 -> 42632 | T50: =G50 -> Ali Fatkan | U50: =H50 -> Nasroh | V50: =VLOOKUP(O50,Lembar1!$A$4:$H$457,8,FALSE) -> BIO_Images/EBTAQ25-03.049.jpg | W50: =IFERROR(VLOOKUP(O50,Lembar1!$A$4:$I$457,9,FALSE),C50) -> BMW - Roudhotut Tholibin
A51: 46001.608 | B51: BMW | C51: BMW - Roudhotut Tholibin | D51: Galeh Akmalul Albab | E51: Demak | F51: 42645 | G51: Ahmad Malik | H51: Siti Khoiriyah | I51: Laki-laki | J51: https://drive.google.com/open?id=1sdVoBqMnL7bN-8VFdYKP26hZE78NbrU9 | K51: ahmadmalik050590@gmail.com | L51: EBTAQ25-03.050 | M51: https://drive.google.com/file/d/1NG_JBhoBkDRQaLO0s0DrRvK1Mrrzpa6c/view?usp=drivesdk | N51: 277 | O51: =L51 -> EBTAQ25-03.050 | P51: =D51 -> Galeh Akmalul Albab | Q51: =I51 -> Laki-laki | R51: =E51 -> Demak | S51: =F51 -> 42645 | T51: =G51 -> Ahmad Malik | U51: =H51 -> Siti Khoiriyah | V51: =VLOOKUP(O51,Lembar1!$A$4:$H$457,8,FALSE) -> BIO_Images/EBTAQ25-03.050.jpg | W51: =IFERROR(VLOOKUP(O51,Lembar1!$A$4:$I$457,9,FALSE),C51) -> BMW - Roudhotut Tholibin
A52: 46001.616 | B52: BMW | C52: BMW - Roudhotut Tholibin | D52: Muhammad Farid Hidayatulloh | E52: Demak | F52: 42034 | G52: Sri Tarmuji | H52: Sofiyah | I52: Laki-laki | J52: https://drive.google.com/open?id=1EAW0Ewb3xCjsiMDhPRh4ocoIj9u9qIJj | K52: faridhidayatullah459@gmail.com | L52: EBTAQ25-03.052 | M52: https://drive.google.com/file/d/1QFqX6O1t62dsGKVlH8X-8Umz7fX-k7he/view?usp=drivesdk | N52: 278 | O52: =L52 -> EBTAQ25-03.052 | P52: =D52 -> Muhammad Farid Hidayatulloh | Q52: =I52 -> Laki-laki | R52: =E52 -> Demak | S52: =F52 -> 42034 | T52: =G52 -> Sri Tarmuji | U52: =H52 -> Sofiyah | V52: =VLOOKUP(O52,Lembar1!$A$4:$H$457,8,FALSE) -> BIO_Images/EBTAQ25-03.052.jpg | W52: =IFERROR(VLOOKUP(O52,Lembar1!$A$4:$I$457,9,FALSE),C52) -> BMW - Roudhotut Tholibin
A53: 46001.624 | B53: BMW | C53: BMW - Roudhotut Tholibin | D53: Muhammad Idham Kholid | E53: Demak | F53: 41983 | G53: Nur Taufiq | H53: Purwati | I53: Laki-laki | J53: https://drive.google.com/open?id=1ao7d19ro3ydUH3jdlCmgkPKtFLnsKzLu | K53: nurt3935@gmail.com | L53: EBTAQ25-03.053 | M53: https://drive.google.com/file/d/1647wQGDca6NEML6rlhZts6xWFI4LbKTf/view?usp=drivesdk | N53: 279 | O53: =L53 -> EBTAQ25-03.053 | P53: =D53 -> Muhammad Idham Kholid | Q53: =I53 -> Laki-laki | R53: =E53 -> Demak | S53: =F53 -> 41983 | T53: =G53 -> Nur Taufiq | U53: =H53 -> Purwati | V53: =VLOOKUP(O53,Lembar1!$A$4:$H$457,8,FALSE) -> BIO_Images/EBTAQ25-03.053.jpg | W53: =IFERROR(VLOOKUP(O53,Lembar1!$A$4:$I$457,9,FALSE),C53) -> BMW - Roudhotut Tholibin
A54: 46001.629 | B54: BMW | C54: BMW - Roudhotut Tholibin | D54: Azfi Adibatuz zahra | E54: Demak | F54: 42250 | G54: Abdul Aziz | H54: Nur Alfiatur Rohmaniah | I54: Perempuan | J54: https://drive.google.com/open?id=1U-CnJNuXX1S2rHlXQR2l6nXYP1yLGf6z | K54: alfiadisa77@gmail.com | L54: EBTAQ25-03.054 | M54: https://drive.google.com/file/d/1aQSJCdp_T5YsEa3fsVFkzGKfQWOcjoIw/view?usp=drivesdk | N54: 280 | O54: =L54 -> EBTAQ25-03.054 | P54: =D54 -> Azfi Adibatuz zahra | Q54: =I54 -> Perempuan | R54: =E54 -> Demak | S54: =F54 -> 42250 | T54: =G54 -> Abdul Aziz | U54: =H54 -> Nur Alfiatur Rohmaniah | V54: =VLOOKUP(O54,Lembar1!$A$4:$H$457,8,FALSE) -> BIO_Images/EBTAQ25-03.054.jpg | W54: =IFERROR(VLOOKUP(O54,Lembar1!$A$4:$I$457,9,FALSE),C54) -> BMW - Roudhotut Tholibin
A55: 46001.633 | B55: BMW | C55: BMW - Roudhotut Tholibin | D55: Farikha Hubbina Ilya | E55: Demak | F55: 42770 | G55: Sobirin | H55: Siti Ainun | I55: Perempuan | J55: https://drive.google.com/open?id=1G7LLiMpgialJ4vzWFcAIUnxUcDR3JcAy | K55: bosotong66@gmail.com | L55: EBTAQ25-03.055 | M55: https://drive.google.com/file/d/1At9EcQbg9jU54n54r5qAlWbIsdL27Pih/view?usp=drivesdk | N55: 281 | O55: =L55 -> EBTAQ25-03.055 | P55: =D55 -> Farikha Hubbina Ilya | Q55: =I55 -> Perempuan | R55: =E55 -> Demak | S55: =F55 -> 42770 | T55: =G55 -> Sobirin | U55: =H55 -> Siti Ainun | V55: =VLOOKUP(O55,Lembar1!$A$4:$H$457,8,FALSE) -> BIO_Images/EBTAQ25-03.055.jpg | W55: =IFERROR(VLOOKUP(O55,Lembar1!$A$4:$I$457,9,FALSE),C55) -> BMW - Roudhotut Tholibin
A56: 46001.64 | B56: BMW | C56: BMW - Roudhotut Tholibin | D56: Zakaria Ahmad | E56: Demak | F56: 41968 | G56: Musafak | H56: Siti Rukayah | I56: Laki-laki | J56: https://drive.google.com/open?id=1Xbfva34DV7VCm3InAeaqesfot_WhAVS4 | K56: rikha2220@gmail.com | L56: EBTAQ25-03.056 | M56: https://drive.google.com/file/d/1bv5xsUkhpvuplo9p5E3aTFSWH69EgPIW/view?usp=drivesdk | N56: 282 | O56: =L56 -> EBTAQ25-03.056 | P56: =D56 -> Zakaria Ahmad | Q56: =I56 -> Laki-laki | R56: =E56 -> Demak | S56: =F56 -> 41968 | T56: =G56 -> Musafak | U56: =H56 -> Siti Rukayah | V56: =VLOOKUP(O56,Lembar1!$A$4:$H$457,8,FALSE) -> BIO_Images/EBTAQ25-03.056.jpg | W56: =IFERROR(VLOOKUP(O56,Lembar1!$A$4:$I$457,9,FALSE),C56) -> BMW - Roudhotut Tholibin
... A76: 45973.865 | B76: BMW | C76: BMW - Taisirul Qurro' | D76: AHMAD RAFIF AYDIN ALVARO | E76: JEPARA | F76: 43137 | G76: AHMAD SYUKRON | H76: SITI TRI ALFI | I76: Laki-laki | J76: https://drive.google.com/open?id=1-1klgcJlXxYe8igSJUmKUGLPBJMEahg1 | K76: mariyahmariyah02@gmail.com | L76: EBTAQ25-03.003 | M76: https://drive.google.com/file/d/1eyISSuHTIJsKbD3-okOjioatG6FRhuKy/view?usp=drivesdk | N76: 302 | O76: =L76 -> EBTAQ25-03.003 | P76: =D76 -> AHMAD RAFIF AYDIN ALVARO | Q76: =I76 -> Laki-laki | R76: =E76 -> JEPARA | S76: =F76 -> 43137 | T76: =G76 -> AHMAD SYUKRON | U76: =H76 -> SITI TRI ALFI | V76: =VLOOKUP(O76,Lembar1!$A$4:$H$457,8,FALSE) -> BIO_Images/EBTAQ25-03.003.jpg | W76: =IFERROR(VLOOKUP(O76,Lembar1!$A$4:$I$457,9,FALSE),C76) -> BMW - Taisirul Qurro'
A77: 46000.692 | B77: Karangga | C77: Karangga - Al Ijtihad Al Mubarok | D77: ADIRA AZZAHRA | E77: Demak | F77: 41537 | G77: Khamidul Manan | H77: Rubiah | I77: Perempuan | J77: https://drive.google.com/open?id=1KbrS9FqYKOEY24gdTSys6hJZvL0lHer0 | K77: aahruby39@gmail.com | L77: EBTAQ25-04.015 | N77: 593 | O77: =L77 -> EBTAQ25-04.015 | P77: =D77 -> ADIRA AZZAHRA | Q77: =I77 -> Perempuan | R77: =E77 -> Demak | S77: =F77 -> 41537 | T77: =G77 -> Khamidul Manan | U77: =H77 -> Rubiah | V77: =VLOOKUP(O77,Lembar1!$A$4:$H$457,8,FALSE) -> #N/A | W77: =IFERROR(VLOOKUP(O77,Lembar1!$A$4:$I$457,9,FALSE),C77) -> Karangga - Al Ijtihad Al Mubarok
A78: 46000.7 | B78: BMW | C78: BMW - Yanbu'ul Qur'an | D78: MAULIDA SAMHA MAHIRA | E78: DEMAK | F78: 41969 | G78: ANIS SOLEH AFENDI | H78: AINI NURUL AF'IDAH | I78: Perempuan | J78: https://drive.google.com/open?id=1jIOLT4sNZf7Dz6KVhnsV-UfBNjQk7XkL | K78: mahiramahira76671@gmail.com | L78: EBTAQ25-03.039 | M78: https://drive.google.com/file/d/1phIm0J3RqqWePREkK0HGvWDSBvyA7kOc/view?usp=drivesdk | N78: 304 | O78: =L78 -> EBTAQ25-03.039 | P78: =D78 -> MAULIDA SAMHA MAHIRA | Q78: =I78 -> Perempuan | R78: =E78 -> DEMAK | S78: =F78 -> 41969 | T78: =G78 -> ANIS SOLEH AFENDI | U78: =H78 -> AINI NURUL AF'IDAH | V78: =VLOOKUP(O78,Lembar1!$A$4:$H$457,8,FALSE) -> BIO_Images/EBTAQ25-03.039.jpg | W78: =IFERROR(VLOOKUP(O78,Lembar1!$A$4:$I$457,9,FALSE),C78) -> BMW - Yanbu'ul Qur'an
A79: 46000.7 | B79: BMW | C79: BMW - Yanbu'ul Qur'an | D79: WILLIS GANESA PUTRI | E79: DEMAK | F79: 42316 | G79: SUTRISNO | H79: UMI FADLILAH | I79: Laki-laki, Perempuan | J79: https://drive.google.com/open?id=1U15qbKiG5sTqHxPTHywKhgWOvFi8xtZB | K79: wilisdanisaputri@gmail.com | L79: EBTAQ25-03.040 | M79: https://drive.google.com/file/d/1EIZTPIZLkxKG7YJ4VWH_fUT776saiiXT/view?usp=drivesdk | N79: 305 | O79: =L79 -> EBTAQ25-03.040 | P79: =D79 -> WILLIS GANESA PUTRI | Q79: =I79 -> Laki-laki, Perempuan | R79: =E79 -> DEMAK | S79: =F79 -> 42316 | T79: =G79 -> SUTRISNO | U79: =H79 -> UMI FADLILAH | V79: =VLOOKUP(O79,Lembar1!$A$4:$H$457,8,FALSE) -> BIO_Images/EBTAQ25-03.040.jpg | W79: =IFERROR(VLOOKUP(O79,Lembar1!$A$4:$I$457,9,FALSE),C79) -> BMW - Yanbu'ul Qur'an
A80: 46000.718 | B80: BMW | C80: BMW - Yanbu'ul Qur'an | D80: RAHMA ARDI RAMADHANI | E80: DEMAK | F80: 41824 | G80: SUHARDI | H80: ROFIAH | I80: Perempuan | J80: https://drive.google.com/open?id=1-Ph51Jh-5i3msUlTZ0TZQaW0hBbCjU6B | K80: rahmaaa6671@gmail.com | L80: EBTAQ25-03.042 | M80: https://drive.google.com/file/d/1BqZ8JiJ-qyY9xIvcQnOlvHicDCZL-Iuu/view?usp=drivesdk | N80: 306 | O80: =L80 -> EBTAQ25-03.042 | P80: =D80 -> RAHMA ARDI RAMADHANI | Q80: =I80 -> Perempuan | R80: =E80 -> DEMAK | S80: =F80 -> 41824 | T80: =G80 -> SUHARDI | U80: =H80 -> ROFIAH | V80: =VLOOKUP(O80,Lembar1!$A$4:$H$457,8,FALSE) -> BIO_Images/EBTAQ25-03.042.jpg | W80: =IFERROR(VLOOKUP(O80,Lembar1!$A$4:$I$457,9,FALSE),C80) -> BMW - Yanbu'ul Qur'an
A81: 46000.755 | B81: BMW | C81: BMW - Yanbu'ul Qur'an | D81: ARNAWA BAHIROTUN NAZIKHA | E81: Demak | F81: 43091 | G81: Rindin Ulin Nuha | H81: Mustainah | I81: Perempuan | J81: https://drive.google.com/open?id=1hUMMcxVNvSrF3fTN8STHNMfFPvuoU3s5 | K81: ulin10899@gmail.com | L81: EBTAQ25-03.044 | M81: https://drive.google.com/file/d/1Cqs9d0VyIDejE3rx80GKmIQo2hcFUyzw/view?usp=drivesdk | N81: 307 | O81: =L81 -> EBTAQ25-03.044 | P81: =D81 -> ARNAWA BAHIROTUN NAZIKHA | Q81: =I81 -> Perempuan | R81: =E81 -> Demak | S81: =F81 -> 43091 | T81: =G81 -> Rindin Ulin Nuha | U81: =H81 -> Mustainah | V81: =VLOOKUP(O81,Lembar1!$A$4:$H$457,8,FALSE) -> BIO_Images/EBTAQ25-03.044.jpg | W81: =IFERROR(VLOOKUP(O81,Lembar1!$A$4:$I$457,9,FALSE),C81) -> BMW - Yanbu'ul Qur'an
A82: 46000.761 | B82: BMW | C82: BMW - Yanbu'ul Qur'an | D82: AVA SHAKINA FITRI | E82: Demak | F82: 42977 | G82: RIKHA LUTFI | H82: SRI WAHYUNI | I82: Perempuan | J82: https://drive.google.com/open?id=1wCzRtMXYnu9pVybzVyY0c2LYrBugwkQl | K82: avashakinafitri@gmail.com | L82: EBTAQ25-03.045 | M82: https://drive.google.com/file/d/1TsNAotglyDgb9qvIrMP7sSu5d4kB7lbv/view?usp=drivesdk | N82: 308 | O82: =L82 -> EBTAQ25-03.045 | P82: =D82 -> AVA SHAKINA FITRI | Q82: =I82 -> Perempuan | R82: =E82 -> Demak | S82: =F82 -> 42977 | T82: =G82 -> RIKHA LUTFI | U82: =H82 -> SRI WAHYUNI | V82: =VLOOKUP(O82,Lembar1!$A$4:$H$457,8,FALSE) -> BIO_Images/EBTAQ25-03.045.jpg | W82: =IFERROR(VLOOKUP(O82,Lembar1!$A$4:$I$457,9,FALSE),C82) -> BMW - Yanbu'ul Qur'an
A83: 46001.585 | B83: BMW | C83: BMW - Yanbu'ul Qur'an | D83: Rahma Ardi ramadhani | E83: Demak | F83: 41824 | G83: Suhardi | H83: Rofiah | I83: Perempuan | J83: https://drive.google.com/open?id=1HG9CMVqTuHQFWxZIcUjBeWuBLMw1deQB | K83: rahmaaa6671@gmail.com | L83: EBTAQ25-03.046 | M83: https://drive.google.com/file/d/1U7AIDoL7H6pSACJMZrUPOaiLyHAkIctC/view?usp=drivesdk | N83: 309 | O83: =L83 -> EBTAQ25-03.046 | P83: =D83 -> Rahma Ardi ramadhani | Q83: =I83 -> Perempuan | R83: =E83 -> Demak | S83: =F83 -> 41824 | T83: =G83 -> Suhardi | U83: =H83 -> Rofiah | V83: =VLOOKUP(O83,Lembar1!$A$4:$H$457,8,FALSE) -> BIO_Images/EBTAQ25-03.046.jpg | W83: =IFERROR(VLOOKUP(O83,Lembar1!$A$4:$I$457,9,FALSE),C83) -> BMW - Yanbu'ul Qur'an
A84: 46001.601 | B84: BMW | C84: BMW - Yanbu'ul Qur'an | D84: ARNAWA BAHIROTUN NAZIKHA | E84: Demak | F84: 43091 | G84: RINDIN ULIN NUHA | H84: MUSTAINAH | I84: Perempuan | J84: https://drive.google.com/open?id=1Hb2OwP-RnB7aRdFN4PsoNrSjsVGYluRI | K84: ulin10899@gmail.com | L84: EBTAQ25-03.048 | M84: https://drive.google.com/file/d/1-LQTyJcFwOizI6jyLght79IJg5a0wWmj/view?usp=drivesdk | N84: 310 | O84: =L84 -> EBTAQ25-03.048 | P84: =D84 -> ARNAWA BAHIROTUN NAZIKHA | Q84: =I84 -> Perempuan | R84: =E84 -> Demak | S84: =F84 -> 43091 | T84: =G84 -> RINDIN ULIN NUHA | U84: =H84 -> MUSTAINAH | V84: =VLOOKUP(O84,Lembar1!$A$4:$H$457,8,FALSE) -> BIO_Images/EBTAQ25-03.048.jpg | W84: =IFERROR(VLOOKUP(O84,Lembar1!$A$4:$I$457,9,FALSE),C84) -> BMW - Yanbu'ul Qur'an
A85: 46001.613 | B85: BMW | C85: BMW - Yanbu'ul Qur'an | D85: AQILA ZAKIYATUL KHUSNAH | E85: Demak | F85: 42422 | G85: SAIFUL MUAJAB | H85: ISTIANAH | I85: Perempuan | J85: https://drive.google.com/open?id=1Me8dVHsDyPxsdG-wXNb46kVnrH8-06uY | K85: istianahnur382@gmail.com | L85: EBTAQ25-03.051 | M85: https://drive.google.com/file/d/1PYaF00dohZ9ACj23uuxZlnYAKbLoV4Bw/view?usp=drivesdk | N85: 311 | O85: =L85 -> EBTAQ25-03.051 | P85: =D85 -> AQILA ZAKIYATUL KHUSNAH | Q85: =I85 -> Perempuan | R85: =E85 -> Demak | S85: =F85 -> 42422 | T85: =G85 -> SAIFUL MUAJAB | U85: =H85 -> ISTIANAH | V85: =VLOOKUP(O85,Lembar1!$A$4:$H$457,8,FALSE) -> BIO_Images/EBTAQ25-03.051.jpg | W85: =IFERROR(VLOOKUP(O85,Lembar1!$A$4:$I$457,9,FALSE),C85) -> BMW - Yanbu'ul Qur'an
A86: 46001.652 | B86: BMW | C86: BMW - Yanbu'ul Qur'an | D86: KHANZA AZZAHRA SAID | E86: SEMARANG | F86: 42456 | G86: ANWAR SAID | H86: ROIKHATIN NI'MAH | I86: Perempuan | J86: https://drive.google.com/open?id=1NDy33BI9u5y-ep9kE117w5CE_xNLdRwz | K86: anwarvitalia25@gmail.com | L86: EBTAQ25-03.059 | M86: https://drive.google.com/file/d/1BW5YH-53dGjZeUSkUec5FOuvfvVTWbWT/view?usp=drivesdk | N86: 312 | O86: =L86 -> EBTAQ25-03.059 | P86: =D86 -> KHANZA AZZAHRA SAID | Q86: =I86 -> Perempuan | R86: =E86 -> SEMARANG | S86: =F86 -> 42456 | T86: =G86 -> ANWAR SAID | U86: =H86 -> ROIKHATIN NI'MAH | V86: =VLOOKUP(O86,Lembar1!$A$4:$H$457,8,FALSE) -> BIO_Images/EBTAQ25-03.059.jpg | W86: =IFERROR(VLOOKUP(O86,Lembar1!$A$4:$I$457,9,FALSE),C86) -> BMW - Yanbu'ul Qur'an
A87: 46001.669 | B87: BMW | C87: BMW - Yanbu'ul Qur'an | D87: DWI RETNO ARUM | E87: DEMAK | F87: 41682 | G87: MURTADHO | H87: MUKAYAROH | I87: Perempuan | J87: https://drive.google.com/open?id=17n5HLf7lHtXEvhLZv458DjnRMSJCWPrB | K87: murtadhojaya41@gmail.com | L87: EBTAQ25-03.061 | M87: https://drive.google.com/file/d/1KFP3bc9t-_dbVHAb5ujfjihEVKbC0CAC/view?usp=drivesdk | N87: 313 | O87: =L87 -> EBTAQ25-03.061 | P87: =D87 -> DWI RETNO ARUM | Q87: =I87 -> Perempuan | R87: =E87 -> DEMAK | S87: =F87 -> 41682 | T87: =G87 -> MURTADHO | U87: =H87 -> MUKAYAROH | V87: =VLOOKUP(O87,Lembar1!$A$4:$H$457,8,FALSE) -> BIO_Images/EBTAQ25-03.061.jpg | W87: =IFERROR(VLOOKUP(O87,Lembar1!$A$4:$I$457,9,FALSE),C87) -> BMW - Yanbu'ul Qur'an
A88: 46001.677 | B88: BMW | C88: BMW - Yanbu'ul Qur'an | D88: MIKHAYLA KHANZA MURRASID | E88: BALIKPAPAN | F88: 42364 | G88: HALIM MURRASID | H88: MARIA ULFA | I88: Perempuan | J88: https://drive.google.com/open?id=1qORfn9hv47dL44H77i3kFw4uX5gvm1W0 | K88: mikhayla2288@gmail.com | L88: EBTAQ25-03.064 | M88: https://drive.google.com/file/d/1-9sdDMY34Tg1qhqFRzSka0ayWmf0f4Vw/view?usp=drivesdk | N88: 314 | O88: =L88 -> EBTAQ25-03.064 | P88: =D88 -> MIKHAYLA KHANZA MURRASID | Q88: =I88 -> Perempuan | R88: =E88 -> BALIKPAPAN | S88: =F88 -> 42364 | T88: =G88 -> HALIM MURRASID | U88: =H88 -> MARIA ULFA | V88: =VLOOKUP(O88,Lembar1!$A$4:$H$457,8,FALSE) -> BIO_Images/EBTAQ25-03.064.jpg | W88: =IFERROR(VLOOKUP(O88,Lembar1!$A$4:$I$457,9,FALSE),C88) -> BMW - Yanbu'ul Qur'an
A89: 46001.689 | B89: BMW | C89: BMW - Yanbu'ul Qur'an | D89: DALISHA LULU MUMTAZAH | E89: DEMAK | F89: 42659 | G89: ABDUR ROUF | H89: SRI SULASTRI | I89: Perempuan | J89: https://drive.google.com/open?id=1Zn_3k2SjDwwOMG108RGkytC2YJMMqXk7 | K89: abizarassegaf23@gmail.com | L89: EBTAQ25-03.067 | M89: https://drive.google.com/file/d/14fqoOLUK5poJzqy2f8on0oeXQy9XjakX/view?usp=drivesdk | N89: 315 | O89: =L89 -> EBTAQ25-03.067 | P89: =D89 -> DALISHA LULU MUMTAZAH | Q89: =I89 -> Perempuan | R89: =E89 -> DEMAK | S89: =F89 -> 42659 | T89: =G89 -> ABDUR ROUF | U89: =H89 -> SRI SULASTRI | V89: =VLOOKUP(O89,Lembar1!$A$4:$H$457,8,FALSE) -> BIO_Images/EBTAQ25-03.067.jpg | W89: =IFERROR(VLOOKUP(O89,Lembar1!$A$4:$I$457,9,FALSE),C89) -> BMW - Yanbu'ul Qur'an
... A97: 46000.83 | B97: BMW | C97: BMW - Roudhotut Tholibin | D97: A'inur Riza Wafiroh | E97: Demak | F97: 41714 | G97: Saeful Hadi | H97: Alm.Munawaroh | I97: Perempuan | J97: https://drive.google.com/open?id=1hAfHwzP_fB-FZ6KakenKOS8iwjZhQA2V | K97: ichwannajib20@gmail.com | L97: EBTAQ25-01.209 | M97: https://drive.google.com/file/d/1z_meZ4x6T8HbdlhzipjfKAvUbA-6yykm/view?usp=drivesdk | N97: 323 | O97: =L97 -> EBTAQ25-01.209 | P97: =D97 -> A'inur Riza Wafiroh | Q97: =I97 -> Perempuan | R97: =E97 -> Demak | S97: =F97 -> 41714 | T97: =G97 -> Saeful Hadi | U97: =H97 -> Alm.Munawaroh | V97: =VLOOKUP(O97,Lembar1!$A$4:$H$457,8,FALSE) -> BIO_Images/EBTAQ25-01.209.jpg | W97: =IFERROR(VLOOKUP(O97,Lembar1!$A$4:$I$457,9,FALSE),C97) -> BMW - Roudhotut Tholibin
A98: 45982.34 | B98: Demak | C98: Demak - AL IMAN Mangunjiwan | D98: Muhammad Ghani Aqilleo | E98: Demak | F98: 41369 | G98: Abdul Rouf | H98: Laili Suryani | I98: Laki-laki | J98: https://drive.google.com/open?id=1layLAjEW5waE-PElONo6q_d02rozq-Fj | K98: misbakhulmunirdmk@gmail.com | L98: EBTAQ25-01.120 | M98: https://drive.google.com/file/d/1SVAkq0Xp0jfLcj6pszMlKZ2xy32aT36N/view?usp=drivesdk | N98: 323 | O98: EBTAQ25-01.125 | P98: MUHAMMAD GHANI AQILLEO | Q98: Laki-laki | R98: DEMAK | S98: 41369 | T98: ABDUL ROUF | U98: LAILI SURYANI | V98: BIO_Images/EBTAQ25-01.125.jpeg | W98: =IFERROR(VLOOKUP(O98,Lembar1!$A$4:$I$457,9,FALSE),C98) -> Demak - AL IMAN Mangunjiwan
A99: 45982.363 | B99: Demak | C99: Demak - AL IMAN Mangunjiwan | D99: Mirza Raja Al Fath | E99: Semarang | F99: 42563 | G99: Agus Suyitno | H99: Anik Eka Anasari | I99: Laki-laki | J99: https://drive.google.com/open?id=1VFbJnLngCWLAnS2WIsiPL5ZOy0hUYxra | K99: aniekaanasari@gmail.com | L99: EBTAQ25-01.121 | M99: https://drive.google.com/file/d/1fHUlNEFCM7LfXIB1ee_rFSHq6U1QjMcn/view?usp=drivesdk | N99: 325 | O99: =L99 -> EBTAQ25-01.121 | P99: =D99 -> Mirza Raja Al Fath | Q99: =I99 -> Laki-laki | R99: =E99 -> Semarang | S99: =F99 -> 42563 | T99: =G99 -> Agus Suyitno | U99: =H99 -> Anik Eka Anasari | V99: =VLOOKUP(O99,Lembar1!$A$4:$H$457,8,FALSE) -> BIO_Images/EBTAQ25-01.121.jpg | W99: =IFERROR(VLOOKUP(O99,Lembar1!$A$4:$I$457,9,FALSE),C99) -> Demak - AL IMAN Mangunjiwan
A100: 45982.365 | B100: Demak | C100: Demak - AL IMAN Mangunjiwan | D100: Elmeera Sheenaz Khalifa | E100: Kudus | F100: 42997 | G100: Ikha Dalinar Kurnia Putra | H100: Siti Chanifah | I100: Perempuan | J100: https://drive.google.com/open?id=1IcjIiVs_nkbDbfGNy7mcGkVSrvHSPOKD | K100: sitichanifah0606@gmail.com | L100: EBTAQ25-01.122 | M100: https://drive.google.com/file/d/1_SujYlKbyvK7wiJSAKSl8u8zn_EMD8ZY/view?usp=drivesdk | N100: 326 | O100: =L100 -> EBTAQ25-01.122 | P100: =D100 -> Elmeera Sheenaz Khalifa | Q100: =I100 -> Perempuan | R100: =E100 -> Kudus | S100: =F100 -> 42997 | T100: =G100 -> Ikha Dalinar Kurnia Putra | U100: =H100 -> Siti Chanifah | V100: =VLOOKUP(O100,Lembar1!$A$4:$H$457,8,FALSE) -> BIO_Images/EBTAQ25-01.122.jpg | W100: =IFERROR(VLOOKUP(O100,Lembar1!$A$4:$I$457,9,FALSE),C100) -> Demak - AL IMAN Mangunjiwan
A101: 45982.369 | B101: Demak | C101: Demak - AL IMAN Mangunjiwan | D101: MUHAMMAD AFFAN MUHADDZIB ABQARY | E101: DEMAK | F101: 42812 | G101: AHMAD SOLIKIN | H101: ANISSA NIRMA CAHYANINGRUM | I101: Laki-laki | J101: https://drive.google.com/open?id=1kNPXsNr8cpoppYLSIGFQo63l2eJbOOpM | K101: nescya07@gmail.com | L101: EBTAQ25-01.123 | M101: https://drive.google.com/file/d/1GnF5Jq5SgHl1wbOSotYT7yuCup9iQd5t/view?usp=drivesdk | N101: 327 | O101: =L101 -> EBTAQ25-01.123 | P101: =D101 -> MUHAMMAD AFFAN MUHADDZIB ABQARY | Q101: =I101 -> Laki-laki | R101: =E101 -> DEMAK | S101: =F101 -> 42812 | T101: =G101 -> AHMAD SOLIKIN | U101: =H101 -> ANISSA NIRMA CAHYANINGRUM | V101: =VLOOKUP(O101,Lembar1!$A$4:$H$457,8,FALSE) -> BIO_Images/EBTAQ25-01.123.jpg | W101: =IFERROR(VLOOKUP(O101,Lembar1!$A$4:$I$457,9,FALSE),C101) -> Demak - AL IMAN Mangunjiwan
A102: 45982.37 | B102: Demak | C102: Demak - AL IMAN Mangunjiwan | D102: Hamizan Arsakha Rasyid | E102: Demak | F102: 42110 | G102: Riyuniawan Subekti | H102: Paramitha Hanifia | I102: Laki-laki | J102: https://drive.google.com/open?id=1buT_gA_8WnR057QnjJcKJGpcqOXcrxpZ | K102: mitha.hanifia@gmail.com | L102: EBTAQ25-01.124 | M102: https://drive.google.com/file/d/1KVgyd-obhzgpGt-U48murLpfF7pvj7ju/view?usp=drivesdk | N102: 328 | O102: =L102 -> EBTAQ25-01.124 | P102: =D102 -> Hamizan Arsakha Rasyid | Q102: =I102 -> Laki-laki | R102: =E102 -> Demak | S102: =F102 -> 42110 | T102: =G102 -> Riyuniawan Subekti | U102: =H102 -> Paramitha Hanifia | V102: =VLOOKUP(O102,Lembar1!$A$4:$H$457,8,FALSE) -> BIO_Images/EBTAQ25-01.124.jpg | W102: =IFERROR(VLOOKUP(O102,Lembar1!$A$4:$I$457,9,FALSE),C102) -> Demak - AL IMAN Mangunjiwan
A103: 45982.412 | B103: Demak | C103: Demak - AL IMAN Mangunjiwan | D103: MUHAMMAD GHANI AQILLEO | E103: DEMAK | F103: 41369 | G103: ABDUL ROUF | H103: LAILI SURYANI | I103: Laki-laki | J103: https://drive.google.com/open?id=1Xt-4eR2om8sAeCpB37kBVM4OgqhVozBT | K103: lailisuryani50@guru.sd.belajar.id | L103: EBTAQ25-01.125 | M103: https://drive.google.com/file/d/14gP-SNC_bdljk1sN3rMS-CeoNsr9HoU1/view?usp=drivesdk | N103: 329 | O103: =L103 -> EBTAQ25-01.125 | P103: =D103 -> MUHAMMAD GHANI AQILLEO | Q103: =I103 -> Laki-laki | R103: =E103 -> DEMAK | S103: =F103 -> 41369 | T103: =G103 -> ABDUL ROUF | U103: =H103 -> LAILI SURYANI | V103: =VLOOKUP(O103,Lembar1!$A$4:$H$457,8,FALSE) -> BIO_Images/EBTAQ25-01.125.jpeg | W103: =IFERROR(VLOOKUP(O103,Lembar1!$A$4:$I$457,9,FALSE),C103) -> Demak - AL IMAN Mangunjiwan
A104: 45985.321 | B104: Demak | C104: Demak - AL IMAN Mangunjiwan | D104: Arkana Adhiyatsa Rayhan | E104: Demak | F104: 42133 | G104: Nurul Ariyanto | H104: Herlia Murbawati | I104: Laki-laki | J104: https://drive.google.com/open?id=1KiT-i5-qROCkVo4sQQaYNGfYBqDBOklo | K104: dtalita784@gmail.com | L104: EBTAQ25-01.126 | M104: https://drive.google.com/file/d/1Tmk_OEOPy4g1cxTddw5k7pd1DTl4IJ_W/view?usp=drivesdk | N104: 330 | O104: =L104 -> EBTAQ25-01.126 | P104: =D104 -> Arkana Adhiyatsa Rayhan | Q104: =I104 -> Laki-laki | R104: =E104 -> Demak | S104: =F104 -> 42133 | T104: =G104 -> Nurul Ariyanto | U104: =H104 -> Herlia Murbawati | V104: =VLOOKUP(O104,Lembar1!$A$4:$H$457,8,FALSE) -> BIO_Images/EBTAQ25-01.126.jpg | W104: =IFERROR(VLOOKUP(O104,Lembar1!$A$4:$I$457,9,FALSE),C104) -> Demak - AL IMAN Mangunjiwan
A105: 45985.323 | B105: Demak | C105: Demak - AL IMAN Mangunjiwan | D105: Lubna Atsila Basyasyah | E105: Demak | F105: 42970 | G105: Wahid Hasyim | H105: Laili Pandiawati | I105: Perempuan | J105: https://drive.google.com/open?id=1pwccknEVS32XQVbBan7a8RCs43KKe4SL | K105: bengokpapabeb@gmail.com | L105: EBTAQ25-01.127 | M105: https://drive.google.com/file/d/1eGvDWa6C7_9kH4RMz5ZL2s70r6jbMN40/view?usp=drivesdk | N105: 331 | O105: =L105 -> EBTAQ25-01.127 | P105: =D105 -> Lubna Atsila Basyasyah | Q105: =I105 -> Perempuan | R105: =E105 -> Demak | S105: =F105 -> 42970 | T105: =G105 -> Wahid Hasyim | U105: =H105 -> Laili Pandiawati | V105: =VLOOKUP(O105,Lembar1!$A$4:$H$457,8,FALSE) -> BIO_Images/EBTAQ25-01.127.jpg | W105: =IFERROR(VLOOKUP(O105,Lembar1!$A$4:$I$457,9,FALSE),C105) -> Demak - AL IMAN Mangunjiwan
A106: 45985.366 | B106: Demak | C106: Demak - AL IMAN Mangunjiwan | D106: MUHAMMAD SAKHA MAHATVAVIRYA | E106: DEMAK | F106: 42663 | G106: JEIHAN YOGANA | H106: ISNA KURNIA ANDINTIAS | I106: Laki-laki | J106: https://drive.google.com/open?id=1xr_rr_Y7jZ8X2AS0bNQHe3ibHlF8bdy2 | K106: isnaandintias@gmail.com | L106: EBTAQ25-01.128 | M106: https://drive.google.com/file/d/1wL6LkDyYPpv7TkkhIgM9FGUcQgJmMuul/view?usp=drivesdk | N106: 332 | O106: =L106 -> EBTAQ25-01.128 | P106: =D106 -> MUHAMMAD SAKHA MAHATVAVIRYA | Q106: =I106 -> Laki-laki | R106: =E106 -> DEMAK | S106: =F106 -> 42663 | T106: =G106 -> JEIHAN YOGANA | U106: =H106 -> ISNA KURNIA ANDINTIAS | V106: =VLOOKUP(O106,Lembar1!$A$4:$H$457,8,FALSE) -> BIO_Images/EBTAQ25-01.128.jpeg | W106: =IFERROR(VLOOKUP(O106,Lembar1!$A$4:$I$457,9,FALSE),C106) -> Demak - AL IMAN Mangunjiwan
A107: 45985.374 | B107: Demak | C107: Demak - AL IMAN Mangunjiwan | D107: Hanun El Rusyda Saputra | E107: Demak | F107: 42181 | G107: Pamungkas Hijrah Saputra | H107: Dwi Octaviyanti | I107: Perempuan | J107: https://drive.google.com/open?id=1QEkp6U6e4u90Z3X-3aINY58kKwgjuygn | K107: viyantielocta@gmail.com | L107: EBTAQ25-01.129 | M107: https://drive.google.com/file/d/1rtNIUlhFUOTgp0t5NPNnKGM2NBJuQB-U/view?usp=drivesdk | N107: 333 | O107: =L107 -> EBTAQ25-01.129 | P107: =D107 -> Hanun El Rusyda Saputra | Q107: =I107 -> Perempuan | R107: =E107 -> Demak | S107: =F107 -> 42181 | T107: =G107 -> Pamungkas Hijrah Saputra | U107: =H107 -> Dwi Octaviyanti | V107: =VLOOKUP(O107,Lembar1!$A$4:$H$457,8,FALSE) -> BIO_Images/EBTAQ25-01.129.jpg | W107: =IFERROR(VLOOKUP(O107,Lembar1!$A$4:$I$457,9,FALSE),C107) -> Demak - AL IMAN Mangunjiwan
A108: 46000.413 | B108: Demak | C108: Demak - SD BUQ BET.DEMAK | D108: HASNA ARSYILA FATIMA | E108: DEMAK | F108: 43177 | G108: RACHMAD FAYSHAL | H108: NUR LAILATUL JANNAH | I108: Perempuan | J108: https://drive.google.com/open?id=18gbMBtOsheY7ha0zah_GUJqgQ0OPnM3L | K108: muchyiddinzahin@gmail.com | L108: EBTAQ25-01.182 | M108: https://drive.google.com/file/d/13rZqOsiZOxqbxy9zarqPCCb0ToKglWNz/view?usp=drivesdk | N108: 334 | O108: =L108 -> EBTAQ25-01.182 | P108: =D108 -> HASNA ARSYILA FATIMA | Q108: =I108 -> Perempuan | R108: =E108 -> DEMAK | S108: =F108 -> 43177 | T108: =G108 -> RACHMAD FAYSHAL | U108: =H108 -> NUR LAILATUL JANNAH | V108: =VLOOKUP(O108,Lembar1!$A$4:$H$457,8,FALSE) -> BIO_Images/EBTAQ25-01.182.jpg | W108: =IFERROR(VLOOKUP(O108,Lembar1!$A$4:$I$457,9,FALSE),C108) -> Demak - SD BUQ BET.DEMAK
A109: 46001.83 | B109: Demak | C109: Demak - SD BUQ BET.DEMAK, Demak - TPQ MIFTAHUL JANNAH | D109: ANASTASYA VIOLA NAZAFARIN | E109: KUDUS | F109: 42709 | G109: MUSLIM | H109: IKA PUJI SISWANTI | I109: Perempuan | J109: https://drive.google.com/open?id=1Eyl5581CqGS3Hj1msDx0A94BZoOjVC6q | K109: inarukmana894@gmail.com | L109: EBTAQ25-01.320 | M109: https://drive.google.com/file/d/1eBdFMC2B2BHDwOR-228jvhmpsygi-EOk/view?usp=drivesdk | N109: 335 | O109: =L109 -> EBTAQ25-01.320 | P109: =D109 -> ANASTASYA VIOLA NAZAFARIN | Q109: =I109 -> Perempuan | R109: =E109 -> KUDUS | S109: =F109 -> 42709 | T109: =G109 -> MUSLIM | U109: =H109 -> IKA PUJI SISWANTI | V109: =VLOOKUP(O109,Lembar1!$A$4:$H$457,8,FALSE) -> BIO_Images/EBTAQ25-01.320.jpg | W109: =IFERROR(VLOOKUP(O109,Lembar1!$A$4:$I$457,9,FALSE),C109) -> Demak - SD BUQ BET.DEMAK, Demak - TPQ MIFTAHUL JANNAH
A110: 45999.676 | B110: Demak | C110: Demak - SD NURUL HUDA | D110: ABDULLAH ARFA | E110: DEMAK | F110: 41900 | G110: M. Arif Effendi | H110: SRI UTAMI | I110: Laki-laki | J110: https://drive.google.com/open?id=1n1k3SqTPXXdb95exagphXtp8hoPs_bRe | K110: karimahinayatulkarimah46@gmail.com | L110: EBTAQ25-01.165 | M110: https://drive.google.com/file/d/137qR4d-X_zIltXXJA11DYHPLmKiSR1k-/view?usp=drivesdk | N110: 336 | O110: =L110 -> EBTAQ25-01.165 | P110: =D110 -> ABDULLAH ARFA | Q110: =I110 -> Laki-laki | R110: =E110 -> DEMAK | S110: =F110 -> 41900 | T110: =G110 -> M. Arif Effendi | U110: =H110 -> SRI UTAMI | V110: =VLOOKUP(O110,Lembar1!$A$4:$H$457,8,FALSE) -> BIO_Images/EBTAQ25-01.165.jpeg | W110: =IFERROR(VLOOKUP(O110,Lembar1!$A$4:$I$457,9,FALSE),C110) -> Demak - SD NURUL HUDA
... A133: 46000.482 | B133: Demak | C133: Demak - TPQ AL IMAN (KALIKONDANG) | D133: Ayunindya Rahmatin Azzahra | E133: Demak | F133: 42543 | G133: Khoirul Miftah | H133: Rikha Desy Ristiyani | I133: Perempuan | J133: https://drive.google.com/open?id=1OoWN1rVPEyf8ZlB8Gl8Npld7O2ZYdG6F | K133: rikhadesy95@gmail.com | L133: EBTAQ25-01.188 | M133: https://drive.google.com/file/d/1PiW4wgkQUxH-stP1a3E-gSE2P4VckBx5/view?usp=drivesdk | N133: 359 | O133: =L133 -> EBTAQ25-01.188 | P133: =D133 -> Ayunindya Rahmatin Azzahra | Q133: =I133 -> Perempuan | R133: =E133 -> Demak | S133: =F133 -> 42543 | T133: =G133 -> Khoirul Miftah | U133: =H133 -> Rikha Desy Ristiyani | V133: =VLOOKUP(O133,Lembar1!$A$4:$H$457,8,FALSE) -> BIO_Images/EBTAQ25-01.188.jpg | W133: =IFERROR(VLOOKUP(O133,Lembar1!$A$4:$I$457,9,FALSE),C133) -> Demak - TPQ AL IMAN (KALIKONDANG)
A134: 45999.434 | B134: Karbon | C134: Karbon - TPQ Asnawiyah | D134: AELUL NAJLA | E134: GROBOGAN | F134: 40671 | G134: MAT RIFA'I | H134: SITI AMINI | I134: Perempuan | J134: https://drive.google.com/open?id=1JE8mIh0cGpD0DhKj4vpj6aARI95OqJPY | K134: sindianinadia@gmail.com | L134: EBTAQ25-05.029 | N134: 650 | O134: =L134 -> EBTAQ25-05.029 | P134: =D134 -> AELUL NAJLA | Q134: =I134 -> Perempuan | R134: =E134 -> GROBOGAN | S134: =F134 -> 40671 | T134: =G134 -> MAT RIFA'I | U134: =H134 -> SITI AMINI | V134: =VLOOKUP(O134,Lembar1!$A$4:$H$457,8,FALSE) -> #N/A | W134: =IFERROR(VLOOKUP(O134,Lembar1!$A$4:$I$457,9,FALSE),C134) -> Karbon - TPQ Asnawiyah
A135: 46000.513 | B135: Demak | C135: Demak - TPQ AL IMAN (KALIKONDANG) | D135: FAKHRI RIZKI DESTANIAWAN | E135: DEMAK | F135: 41261 | G135: AGUS SETIYAWAN | H135: NIA SUSNIAWATI | I135: Laki-laki | J135: https://drive.google.com/open?id=1mGRIBvx9UKS6lDNqqyIRdQYPsI6-8IzE | K135: agussetiapagi@gmail.com | L135: EBTAQ25-01.189 | M135: https://drive.google.com/file/d/1lHH5pn-w98WjEzDrWY0ZU5cP3yBiJ3L5/view?usp=drivesdk | N135: 361 | O135: =L135 -> EBTAQ25-01.189 | P135: =D135 -> FAKHRI RIZKI DESTANIAWAN | Q135: =I135 -> Laki-laki | R135: =E135 -> DEMAK | S135: =F135 -> 41261 | T135: =G135 -> AGUS SETIYAWAN | U135: =H135 -> NIA SUSNIAWATI | V135: =VLOOKUP(O135,Lembar1!$A$4:$H$457,8,FALSE) -> BIO_Images/EBTAQ25-01.189.jpg | W135: =IFERROR(VLOOKUP(O135,Lembar1!$A$4:$I$457,9,FALSE),C135) -> Demak - TPQ AL IMAN (KALIKONDANG)
A136: 46001.211 | B136: Demak | C136: Demak - TPQ AL IMAN (KALIKONDANG) | D136: Zidny 'Ilma Annayla | E136: Demak | F136: 42921 | G136: KHOIRUN NIAM | H136: RINAWATI | I136: Perempuan | J136: https://drive.google.com/open?id=1j1K8zCbMjJ21h0FYgZZzW28mVEBwtP4c | K136: khoirunniam291290@gmail.com | L136: EBTAQ25-01.218 | M136: https://drive.google.com/file/d/19OdAnLYvPW-dLPjkNA5t-uHC4ObGqY4v/view?usp=drivesdk | N136: 362 | O136: =L136 -> EBTAQ25-01.218 | P136: =D136 -> Zidny 'Ilma Annayla | Q136: =I136 -> Perempuan | R136: =E136 -> Demak | S136: =F136 -> 42921 | T136: =G136 -> KHOIRUN NIAM | U136: =H136 -> RINAWATI | V136: =VLOOKUP(O136,Lembar1!$A$4:$H$457,8,FALSE) -> BIO_Images/EBTAQ25-01.218.jpg | W136: =IFERROR(VLOOKUP(O136,Lembar1!$A$4:$I$457,9,FALSE),C136) -> Demak - TPQ AL IMAN (KALIKONDANG)
A137: 45969.375 | B137: Demak | C137: Demak - TPQ ALHADID | D137: Keisha Laila Fajrina | E137: Demak | F137: 42488 | G137: Mohamad Fatkhan | H137: Sukinah | I137: Perempuan | J137: https://drive.google.com/open?id=1f5SwUGtvDG6QgH4U3gKJlQTxwe1MwDIH | K137: hikmatulishaq@gmail.com | L137: EBTAQ25-01.113 | M137: https://drive.google.com/file/d/1S1EnzUcSIlncCOXIW-y-UYZySpxnWtrK/view?usp=drivesdk | N137: 363 | O137: =L137 -> EBTAQ25-01.113 | P137: =D137 -> Keisha Laila Fajrina | Q137: =I137 -> Perempuan | R137: =E137 -> Demak | S137: =F137 -> 42488 | T137: =G137 -> Mohamad Fatkhan | U137: =H137 -> Sukinah | V137: =VLOOKUP(O137,Lembar1!$A$4:$H$457,8,FALSE) -> BIO_Images/EBTAQ25-01.113.jpg | W137: =IFERROR(VLOOKUP(O137,Lembar1!$A$4:$I$457,9,FALSE),C137) -> Demak - TPQ ALHADID
A138: 45969.701 | B138: Demak | C138: Demak - TPQ ALHADID | D138: ADELIA KHAIRA WILDA | E138: DEMAK | F138: 42037 | G138: ZAENAL ABIDIN | H138: JIJIN TURIASIH | I138: Perempuan | J138: https://drive.google.com/open?id=1x0WjMDp1vEONPYIFlWgEEhmV92TyO6i0 | K138: nakhilajihan@gmail.com | L138: EBTAQ25-01.114 | M138: https://drive.google.com/file/d/1EvjlRBAVrIAOWUp1uoIG7LEz7ATejl9R/view?usp=drivesdk | N138: 364 | O138: =L138 -> EBTAQ25-01.114 | P138: =D138 -> ADELIA KHAIRA WILDA | Q138: =I138 -> Perempuan | R138: =E138 -> DEMAK | S138: =F138 -> 42037 | T138: =G138 -> ZAENAL ABIDIN | U138: =H138 -> JIJIN TURIASIH | V138: =VLOOKUP(O138,Lembar1!$A$4:$H$457,8,FALSE) -> BIO_Images/EBTAQ25-01.114.jpg | W138: =IFERROR(VLOOKUP(O138,Lembar1!$A$4:$I$457,9,FALSE),C138) -> Demak - TPQ ALHADID
A139: 45969.707 | B139: Demak | C139: Demak - TPQ ALHADID | D139: Annisa faiha | E139: Demak | F139: 42841 | G139: Kholil Bisri | H139: Himmatul Ulliya | I139: Perempuan | J139: https://drive.google.com/open?id=17le2Igs59p_HTSCsAR3GNNJt2RIMSDCY | K139: faihaannisa632@gmail.com | L139: EBTAQ25-01.115 | M139: https://drive.google.com/file/d/1XjXJtEPl3B4Z5iGDIg75rMCNXz0i-1_f/view?usp=drivesdk | N139: 365 | O139: =L139 -> EBTAQ25-01.115 | P139: =D139 -> Annisa faiha | Q139: =I139 -> Perempuan | R139: =E139 -> Demak | S139: =F139 -> 42841 | T139: =G139 -> Kholil Bisri | U139: =H139 -> Himmatul Ulliya | V139: =VLOOKUP(O139,Lembar1!$A$4:$H$457,8,FALSE) -> BIO_Images/EBTAQ25-01.115.jpg | W139: =IFERROR(VLOOKUP(O139,Lembar1!$A$4:$I$457,9,FALSE),C139) -> Demak - TPQ ALHADID
A140: 45969.71 | B140: Demak | C140: Demak - TPQ ALHADID | D140: octafia ayu rahmawati | E140: Demak | F140: 42307 | G140: purwadi | H140: saudah | I140: Perempuan | J140: https://drive.google.com/open?id=11JLbasjtEy0YNiuuHAGDR05kzL8r2mTs | K140: khusna8765@gmail.com | L140: EBTAQ25-01.116 | M140: https://drive.google.com/file/d/1sYSdtjmuBXfAU8eS9sDn2m_a-iJScwgf/view?usp=drivesdk | N140: 366 | O140: =L140 -> EBTAQ25-01.116 | P140: =D140 -> octafia ayu rahmawati | Q140: =I140 -> Perempuan | R140: =E140 -> Demak | S140: =F140 -> 42307 | T140: =G140 -> purwadi | U140: =H140 -> saudah | V140: =VLOOKUP(O140,Lembar1!$A$4:$H$457,8,FALSE) -> BIO_Images/EBTAQ25-01.116.jpg | W140: =IFERROR(VLOOKUP(O140,Lembar1!$A$4:$I$457,9,FALSE),C140) -> Demak - TPQ ALHADID
A141: 45969.713 | B141: Demak | C141: Demak - TPQ ALHADID | D141: AQILA QURROTU A'YUN | E141: Demak | F141: 42577 | G141: Sucipto | H141: Kholisoh | I141: Perempuan | J141: https://drive.google.com/open?id=1rW0U4BxDjbyOl2mhyPLhvdRdedM758eF | K141: suciptokarangmlati@gmail.com | L141: EBTAQ25-01.117 | M141: https://drive.google.com/file/d/1lud1iW1ZfaSG2vQU33r5nidI79TTuo11/view?usp=drivesdk | N141: 367 | O141: =L141 -> EBTAQ25-01.117 | P141: =D141 -> AQILA QURROTU A'YUN | Q141: =I141 -> Perempuan | R141: =E141 -> Demak | S141: =F141 -> 42577 | T141: =G141 -> Sucipto | U141: =H141 -> Kholisoh | V141: =VLOOKUP(O141,Lembar1!$A$4:$H$457,8,FALSE) -> BIO_Images/EBTAQ25-01.117.jpg | W141: =IFERROR(VLOOKUP(O141,Lembar1!$A$4:$I$457,9,FALSE),C141) -> Demak - TPQ ALHADID
A142: 45969.714 | B142: Demak | C142: Demak - TPQ ALHADID | D142: Nurul Fauziyah Ramadhani | E142: Demak | F142: 41482 | G142: Muhidin | H142: Sri kumaidah | I142: Perempuan | J142: https://drive.google.com/open?id=1JNVvb5MHz_uR3Se5WpFia029sUNc5CvC | K142: fikriyahhd@gmail.com | L142: EBTAQ25-01.118 | M142: https://drive.google.com/file/d/1kd4F2IwGWQ2a0pKywjKyKjQDpOyfseEK/view?usp=drivesdk | N142: 368 | O142: =L142 -> EBTAQ25-01.118 | P142: =D142 -> Nurul Fauziyah Ramadhani | Q142: =I142 -> Perempuan | R142: =E142 -> Demak | S142: =F142 -> 41482 | T142: =G142 -> Muhidin | U142: =H142 -> Sri kumaidah | V142: =VLOOKUP(O142,Lembar1!$A$4:$H$457,8,FALSE) -> BIO_Images/EBTAQ25-01.118.jpg | W142: =IFERROR(VLOOKUP(O142,Lembar1!$A$4:$I$457,9,FALSE),C142) -> Demak - TPQ ALHADID
A143: 45969.722 | B143: Demak | C143: Demak - TPQ ALHADID | D143: Aisya Faiha Maulidya | E143: Demak | F143: 42729 | G143: Masri | H143: Kasiroh | I143: Perempuan | J143: https://drive.google.com/open?id=1TWXX2Dc3Rz4kjWJ-tCJAgX26qkrP6gvh | K143: mawarmelati1503@gmail.com | L143: EBTAQ25-01.119 | M143: https://drive.google.com/file/d/15fXGhFlhRT0fllOpTzons26Mhuoo_NQz/view?usp=drivesdk | N143: 369 | O143: =L143 -> EBTAQ25-01.119 | P143: =D143 -> Aisya Faiha Maulidya | Q143: =I143 -> Perempuan | R143: =E143 -> Demak | S143: =F143 -> 42729 | T143: =G143 -> Masri | U143: =H143 -> Kasiroh | V143: =VLOOKUP(O143,Lembar1!$A$4:$H$457,8,FALSE) -> BIO_Images/EBTAQ25-01.119.jpg | W143: =IFERROR(VLOOKUP(O143,Lembar1!$A$4:$I$457,9,FALSE),C143) -> Demak - TPQ ALHADID
A144: 46001.607 | B144: Demak | C144: Demak - TPQ ALHUSNA (MI) | D144: MARCHELIO PUTRA ARFANO | E144: DEMAK | F144: 42203 | G144: BILAL ADTYA KRISNA PUTRA | H144: IMELIA FATMA SATYA | I144: Laki-laki | J144: https://drive.google.com/open?id=1nBuIzjY6i0mpTQ9uN-CcO6Yn7XRXVbQL | K144: imeliaarfano@gmail.com | L144: EBTAQ25-01.249 | M144: https://drive.google.com/file/d/1fvYCJwzVLj-wMSwSzhF0u1imkoD7EuDa/view?usp=drivesdk | N144: 370 | O144: =L144 -> EBTAQ25-01.249 | P144: =D144 -> MARCHELIO PUTRA ARFANO | Q144: =I144 -> Laki-laki | R144: =E144 -> DEMAK | S144: =F144 -> 42203 | T144: =G144 -> BILAL ADTYA KRISNA PUTRA | U144: =H144 -> IMELIA FATMA SATYA | V144: =VLOOKUP(O144,Lembar1!$A$4:$H$457,8,FALSE) -> BIO_Images/EBTAQ25-01.249.jpeg | W144: =IFERROR(VLOOKUP(O144,Lembar1!$A$4:$I$457,9,FALSE),C144) -> Demak - TPQ ALHUSNA (MI)
A145: 46001.608 | B145: Demak | C145: Demak - TPQ ALHUSNA (MI) | D145: Nabillah Damara Najmy Kallani | E145: Demak | F145: 42733 | G145: Achmadi | H145: Dwi Puji Asmorodewi | I145: Perempuan | J145: https://drive.google.com/open?id=1yefzqLQFpzpNv6RhFf9fm5kZStIAO1S4 | K145: dwipujiasmorodewi221191@gmail.com | L145: EBTAQ25-01.250 | M145: https://drive.google.com/file/d/1t2wo9aruVhczrzmtW0QLVHAAFStfPhMS/view?usp=drivesdk | N145: 371 | O145: =L145 -> EBTAQ25-01.250 | P145: =D145 -> Nabillah Damara Najmy Kallani | Q145: =I145 -> Perempuan | R145: =E145 -> Demak | S145: =F145 -> 42733 | T145: =G145 -> Achmadi | U145: =H145 -> Dwi Puji Asmorodewi | V145: =VLOOKUP(O145,Lembar1!$A$4:$H$457,8,FALSE) -> BIO_Images/EBTAQ25-01.250.jpg | W145: =IFERROR(VLOOKUP(O145,Lembar1!$A$4:$I$457,9,FALSE),C145) -> Demak - TPQ ALHUSNA (MI)
A146: 46001.622 | B146: Demak | C146: Demak - TPQ ALHUSNA (MI) | D146: Ahmad Naufal Nabih | E146: Demak | F146: 41418 | G146: Akhmad Solikin | H146: Siti Lestari | I146: Laki-laki | J146: https://drive.google.com/open?id=1YpCQGMANhSLSjMsw1A0cVwOqeDu9wnsf | K146: sitilestari241086@gmail.com | L146: EBTAQ25-01.251 | M146: https://drive.google.com/file/d/1MTrrSPbvNcTlb4QvVgff6pI5TUFVL_O4/view?usp=drivesdk | N146: 372 | O146: =L146 -> EBTAQ25-01.251 | P146: =D146 -> Ahmad Naufal Nabih | Q146: =I146 -> Laki-laki | R146: =E146 -> Demak | S146: =F146 -> 41418 | T146: =G146 -> Akhmad Solikin | U146: =H146 -> Siti Lestari | V146: =VLOOKUP(O146,Lembar1!$A$4:$H$457,8,FALSE) -> BIO_Images/EBTAQ25-01.251.jpg | W146: =IFERROR(VLOOKUP(O146,Lembar1!$A$4:$I$457,9,FALSE),C146) -> Demak - TPQ ALHUSNA (MI)
... A264: 45999.736 | B264: Demak | C264: Demak - TPQ Nuzulur Rohmah | D264: ISHMAH FARADISA | E264: ROKAN HULU | F264: 42703 | G264: M. ULIL ABSHOR | H264: MUNAWAROH | I264: Perempuan | J264: https://drive.google.com/open?id=1Om7L15XSVeATyE78Laydz51DpDJKaSRv | K264: sukorini271@gmail.com | L264: EBTAQ25-01.167 | M264: https://drive.google.com/file/d/1oUUxYX_eoof-UP5DrXAuKRs7A1kB_-nw/view?usp=drivesdk | N264: 490 | O264: =L264 -> EBTAQ25-01.167 | P264: =D264 -> ISHMAH FARADISA | Q264: =I264 -> Perempuan | R264: =E264 -> ROKAN HULU | S264: =F264 -> 42703 | T264: =G264 -> M. ULIL ABSHOR | U264: =H264 -> MUNAWAROH | V264: =VLOOKUP(O264,Lembar1!$A$4:$H$457,8,FALSE) -> BIO_Images/EBTAQ25-01.167.jpg | W264: =IFERROR(VLOOKUP(O264,Lembar1!$A$4:$I$457,9,FALSE),C264) -> Demak - TPQ Nuzulur Rohmah
A265: 46001.746 | B265: Demak | C265: Demak - TPQ ROUDHOTUL JANNAH | D265: ADRIAN PRADIPTA WIJAYA | E265: 42287 | F265: 42287 | G265: DANANG HARYANTO | H265: NIKMATUL INAYAH | I265: Laki-laki | J265: https://drive.google.com/open?id=1R65QIAANHQCxsGdRzrm7tyiIfSY0fuKB | K265: nikmatulinayah77@gmail.com | L265: EBTAQ25-01.310 | M265: https://drive.google.com/file/d/1BzpDKwXRp0rDo1By5ypTg9IzF4hR9_B9/view?usp=drivesdk | N265: 491 | O265: =L265 -> EBTAQ25-01.310 | P265: =D265 -> ADRIAN PRADIPTA WIJAYA | Q265: =I265 -> Laki-laki | R265: =E265 -> 42287 | S265: =F265 -> 42287 | T265: =G265 -> DANANG HARYANTO | U265: =H265 -> NIKMATUL INAYAH | V265: =VLOOKUP(O265,Lembar1!$A$4:$H$457,8,FALSE) -> BIO_Images/EBTAQ25-01.310.jpg | W265: =IFERROR(VLOOKUP(O265,Lembar1!$A$4:$I$457,9,FALSE),C265) -> Demak - TPQ ROUDHOTUL JANNAH
A266: 46001.706 | B266: Demak | C266: Demak - TPQ SULAMUNNAJAH | D266: Alayya Nahda Rafanda | E266: Demak | F266: 42272 | G266: Sumber Kusnadi | H266: IRA SOFIANA | I266: Perempuan | J266: https://drive.google.com/open?id=1iFjITDLXK7VFyEP5_NpZJySSTlYKAZl5 | K266: madinsullamunnajah@gmail.com | L266: EBTAQ25-01.289 | M266: https://drive.google.com/file/d/1QMltR8fXxv3Mb-vfjO56WoVG25rNwxwy/view?usp=drivesdk | N266: 492 | O266: =L266 -> EBTAQ25-01.289 | P266: =D266 -> Alayya Nahda Rafanda | Q266: =I266 -> Perempuan | R266: =E266 -> Demak | S266: =F266 -> 42272 | T266: =G266 -> Sumber Kusnadi | U266: =H266 -> IRA SOFIANA | V266: =VLOOKUP(O266,Lembar1!$A$4:$H$457,8,FALSE) -> BIO_Images/EBTAQ25-01.289.jpeg | W266: =IFERROR(VLOOKUP(O266,Lembar1!$A$4:$I$457,9,FALSE),C266) -> Demak - TPQ SULAMUNNAJAH
A267: 46001.724 | B267: Demak | C267: Demak - TPQ SULAMUNNAJAH | D267: RHEA AINAYA SAPUTRA | E267: Demak | F267: 42563 | G267: Lilik Dwi Saputro | H267: ANIK ANDRIANINGRUM | I267: Perempuan | J267: https://drive.google.com/open?id=1YZ9e9PPnxhhRTdxq8SbsoqfdkKubDF4l | K267: madinsullamunnajah@gmail.com | L267: EBTAQ25-01.299 | M267: https://drive.google.com/file/d/1LfKGrxkrkD2BX2PdyHd626dD3p6C_zVO/view?usp=drivesdk | N267: 493 | O267: =L267 -> EBTAQ25-01.299 | P267: =D267 -> RHEA AINAYA SAPUTRA | Q267: =I267 -> Perempuan | R267: =E267 -> Demak | S267: =F267 -> 42563 | T267: =G267 -> Lilik Dwi Saputro | U267: =H267 -> ANIK ANDRIANINGRUM | V267: =VLOOKUP(O267,Lembar1!$A$4:$H$457,8,FALSE) -> BIO_Images/EBTAQ25-01.299.jpeg | W267: =IFERROR(VLOOKUP(O267,Lembar1!$A$4:$I$457,9,FALSE),C267) -> Demak - TPQ SULAMUNNAJAH
A268: 46001.726 | B268: Demak | C268: Demak - TPQ SULAMUNNAJAH | D268: Wimala Nuriel Sefti Elysia | E268: Klaten | F268: 42614 | G268: Iswanto | H268: Nur Kayati | I268: Perempuan | J268: https://drive.google.com/open?id=1zydE7SvMfDEOZmT6HIWXthmyDF5c80Zd | K268: madinsullamunnajah@gmail.com | L268: EBTAQ25-01.301 | M268: https://drive.google.com/file/d/19UBwkQ3EMPTry0QgmAcdq9D0VXtL--us/view?usp=drivesdk | N268: 494 | O268: =L268 -> EBTAQ25-01.301 | P268: =D268 -> Wimala Nuriel Sefti Elysia | Q268: =I268 -> Perempuan | R268: =E268 -> Klaten | S268: =F268 -> 42614 | T268: =G268 -> Iswanto | U268: =H268 -> Nur Kayati | V268: =VLOOKUP(O268,Lembar1!$A$4:$H$457,8,FALSE) -> BIO_Images/EBTAQ25-01.301.jpeg | W268: =IFERROR(VLOOKUP(O268,Lembar1!$A$4:$I$457,9,FALSE),C268) -> Demak - TPQ SULAMUNNAJAH
A269: 45998.693 | B269: Demak | C269: Dewoka - Nuzulur Rohmah | D269: Syaffira Maharani Putri Fie | E269: Demak | F269: 41692 | G269: Fahruddin Lutfiei | H269: Eka Prasetya Ningrum | I269: Perempuan | J269: https://drive.google.com/open?id=1sK6HeLqWPPg_hDzXX8TStXEgzC_J0OtB | K269: defatimah8@gmail.com | L269: EBTAQ25-01.138 | M269: https://drive.google.com/file/d/14jQTZGNIoxylLqXsorOx9I5LHpoFAl3e/view?usp=drivesdk | N269: 495 | O269: =L269 -> EBTAQ25-01.138 | P269: =D269 -> Syaffira Maharani Putri Fie | Q269: =I269 -> Perempuan | R269: =E269 -> Demak | S269: =F269 -> 41692 | T269: =G269 -> Fahruddin Lutfiei | U269: =H269 -> Eka Prasetya Ningrum | V269: =VLOOKUP(O269,Lembar1!$A$4:$H$457,8,FALSE) -> BIO_Images/EBTAQ25-01.138.jpg | W269: =IFERROR(VLOOKUP(O269,Lembar1!$A$4:$I$457,9,FALSE),C269) -> Dewoka - Nuzulur Rohmah
A270: 46000.868 | B270: Demak | C270: Karangga - Al Furqon | D270: Kanza Tichtania Akshafani Irawan | E270: Demak | F270: 41531 | G270: IRAWAN NOOR ARIFIANTO | H270: IDA MUZANIFAH | I270: Perempuan | J270: https://drive.google.com/open?id=18Hnz_M50p9mFjB8Ka7MFGAWKKC_X2Q16 | K270: aznairawan@gmail.com | L270: EBTAQ25-01.214 | M270: https://drive.google.com/file/d/1b-CKGrgSxef3_8b7zpyN3q89PqnKo6uV/view?usp=drivesdk | N270: 496 | O270: =L270 -> EBTAQ25-01.214 | P270: =D270 -> Kanza Tichtania Akshafani Irawan | Q270: =I270 -> Perempuan | R270: =E270 -> Demak | S270: =F270 -> 41531 | T270: =G270 -> IRAWAN NOOR ARIFIANTO | U270: =H270 -> IDA MUZANIFAH | V270: =VLOOKUP(O270,Lembar1!$A$4:$H$457,8,FALSE) -> BIO_Images/EBTAQ25-01.214.jpg | W270: =IFERROR(VLOOKUP(O270,Lembar1!$A$4:$I$457,9,FALSE),C270) -> Karangga - Al Furqon
A271: 46000.237 | B271: Demak | C271: Karangga - Al Hikmah | D271: Muhammad Sultan Al Fatih | E271: Demak | F271: 41779 | G271: Sofi Luthfi | H271: Evi Khosiatul Kholisoh | I271: Laki-laki | J271: https://drive.google.com/open?id=1L3WshmBGPE7_6Ska8EkXv7Dk6yofWrNZ | K271: karsih282@gmail.com | L271: EBTAQ25-01.171 | M271: https://drive.google.com/file/d/1803pnVyC2fG5NVyMuxopVMX4w6k-rjma/view?usp=drivesdk | N271: 497 | O271: =L271 -> EBTAQ25-01.171 | P271: =D271 -> Muhammad Sultan Al Fatih | Q271: =I271 -> Laki-laki | R271: =E271 -> Demak | S271: =F271 -> 41779 | T271: =G271 -> Sofi Luthfi | U271: =H271 -> Evi Khosiatul Kholisoh | V271: =VLOOKUP(O271,Lembar1!$A$4:$H$457,8,FALSE) -> BIO_Images/EBTAQ25-01.171.jpg | W271: =IFERROR(VLOOKUP(O271,Lembar1!$A$4:$I$457,9,FALSE),C271) -> Karangga - Al Hikmah
A272: 46000.867 | B272: Demak | C272: Karangga - Al Hikmah | D272: Fitriana aida syifa | E272: Demak | F272: 41548 | G272: Budi utomo | H272: Siti masroyah | I272: Perempuan | J272: https://drive.google.com/open?id=1DJVq2Jmyu0aHFInLuL8zqCoyTr62JAUu | K272: syifa82821@gmail.com | L272: EBTAQ25-01.213 | M272: https://drive.google.com/file/d/1hoLrcgQ7o30XTzVeKWnagnFJMtDvWLKO/view?usp=drivesdk | N272: 498 | O272: =L272 -> EBTAQ25-01.213 | P272: =D272 -> Fitriana aida syifa | Q272: =I272 -> Perempuan | R272: =E272 -> Demak | S272: =F272 -> 41548 | T272: =G272 -> Budi utomo | U272: =H272 -> Siti masroyah | V272: =VLOOKUP(O272,Lembar1!$A$4:$H$457,8,FALSE) -> BIO_Images/EBTAQ25-01.213.jpg | W272: =IFERROR(VLOOKUP(O272,Lembar1!$A$4:$I$457,9,FALSE),C272) -> Karangga - Al Hikmah
A273: 46001.218 | B273: Demak | C273: Karangga - Al Hikmah | D273: Silvia adinda neng tias | E273: Demak | F273: 45935 | G273: Ahmad nur hasyim | H273: Sulyati | I273: Perempuan | J273: https://drive.google.com/open?id=18Vk3aDpt3h0-9itKl1-HO2GA7Ni7f4nO | K273: rayac202@gmail.com | L273: EBTAQ25-01.219 | M273: https://drive.google.com/file/d/12I6nINnR1TUIN8braGQJywCe9f7YBc3l/view?usp=drivesdk | N273: 499 | O273: =L273 -> EBTAQ25-01.219 | P273: =D273 -> Silvia adinda neng tias | Q273: =I273 -> Perempuan | R273: =E273 -> Demak | S273: =F273 -> 45935 | T273: =G273 -> Ahmad nur hasyim | U273: =H273 -> Sulyati | V273: =VLOOKUP(O273,Lembar1!$A$4:$H$457,8,FALSE) -> BIO_Images/EBTAQ25-01.219.jpg | W273: =IFERROR(VLOOKUP(O273,Lembar1!$A$4:$I$457,9,FALSE),C273) -> Karangga - Al Hikmah
